السنة ,الربع,المنطقة ,المدينة,الحي ,نوع العقار ,تصنيف العقار ,عدد الصفقات,متوسط الايجار  ر.س,متوسط الايجار لكل متر مربع ر.س
2026,1,الرياض,مرات,الشفاء,دور,سكني,1,26000,173.33
2026,1,الرياض,الدوادمي,طيبة,فيلا,سكني,27,12900,42.26
2026,1,الرياض,الجمش,الحلوه,شقة,سكني,1,17500,87.5
2026,1,الرياض,المجمعة,الأندلس,دور,سكني,11,14650,69.84
2026,1,الرياض,الرين,الملك فيصل,محل,تجاري,6,0,0
2026,1,الرياض,الرياض,المعذر,معرض تجاري,تجاري,2,0,0
2026,1,الرياض,الدوادمي,الملك فهد,استديو,سكني,3,6166.66,126.89
2026,1,الرياض,الرياض,الشفاء,دوبلاكس,سكني,6,30600,159.62
2026,1,الرياض,المزاحمية,نوارة,فيلا,سكني,4,29000,81.9
2026,1,الرياض,الحصاة,الأندلس,شقة,سكني,4,14500,100
2026,1,الرياض,المجمعة,الملك عبدالعزيز,محل,تجاري,58,0,0
2026,1,الرياض,الرياض,سلطانة,فيلا,سكني,13,42636.36,96.14
2026,1,الرياض,ثادق,العقيق,شقة,سكني,5,12666.66,85.39
2026,1,الرياض,مجموعه مزارع شعيب ملهم,مجموعه مزارع شعيب ملهم,محل,تجاري,2,0,0
2026,1,الرياض,الأرطاوية,الخليج,معرض تجاري,تجاري,13,0,0
2026,1,الرياض,الدوادمي - البجادية,الملك فيصل,محل,تجاري,1,0,0
2026,1,الرياض,الخرج,النخيل,محل,تجاري,4,0,0
2026,1,الرياض,الغاط,غرناطة,دور,سكني,3,12500,83.33
2026,1,الرياض,الرياض,الجزيرة,دور,سكني,140,47007.39,201.9
2026,1,الرياض,الرياض,بدر,معرض تجاري,تجاري,62,0,0
2026,1,الرياض,الرين,نجد,محل,تجاري,2,0,0
2026,1,الرياض,الرياض,الصحافة,شقة,سكني,1140,45693.19,371.72
2026,1,الرياض,الخرج,النهضة,مكتب,تجاري,7,0,0
2026,1,الرياض,رماح,المروج,شقة,سكني,19,14749.93,102.99
2026,1,الرياض,الرياض,معكال,دور,سكني,7,15171.42,120.04
2026,1,الرياض,الرياض,الإسكان,استديو,سكني,45,15370.58,414.57
2026,1,الرياض,ضرما,الريان,محل,تجاري,31,0,0
2026,1,الرياض,الرياض,لبن,شقة,سكني,873,29403.72,242.52
2026,1,الرياض,ضرما,البديع الغربي,شقة,سكني,40,14811.11,100.08
2026,1,الرياض,الرياض,الخليج,شقة,سكني,3009,26702.06,248.28
2026,1,الرياض,الرياض,العوالي,شقة,سكني,1169,23783.23,189.58
2026,1,الرياض,القويعية,مخطط رقم 913,محل,تجاري,22,0,0
2026,1,الرياض,الدلم,النخيل,محل,تجاري,1,0,0
2026,1,الرياض,الغاط,الزهور,دور,سكني,2,12000,66.66
2026,1,الرياض,شقراء,الروضة,دور,سكني,19,14461.46,76.9
2026,1,الرياض,الأفلاج,الملك عبدالله,شقة,سكني,5,11500,38.92
2026,1,الرياض,ملهم,ملهم,دور,سكني,24,24333.33,118.28
2026,1,الرياض,ضرما,البديع الغربي,محل,تجاري,16,0,0
2026,1,الرياض,الرياض,القدس,محل,تجاري,154,0,0
2026,1,الرياض,الرين,الرين القديم,دور,سكني,1,6000,40
2026,1,الرياض,مزارع خريمان الغربيه,مزارع خريمان الغربيه,شقة,سكني,1,18000,60
2026,1,الرياض,المجمعة,المستشفى الجامعي,دور,سكني,1,16500,97.05
2026,1,الرياض,الرياض,المؤتمرات,فيلا,سكني,14,157916.66,476.5
2026,1,الرياض,الرياض,الروضة,دوبلاكس,سكني,8,57000,240.81
2026,1,الرياض,الرياض,الصحافة,معرض تجاري,تجاري,54,0,0
2026,1,الرياض,الرياض,عكاظ,شقة,سكني,854,21154.33,174.61
2026,1,الرياض,حوطه بنى تميم,المصيف,دور,سكني,1,18000,90
2026,1,الرياض,القويعية,مخطط رقم 985,استديو,سكني,1,12000,100
2026,1,الرياض,الدلم,الناصرية,محل,تجاري,18,0,0
2026,1,الرياض,الرياض,العارض,معرض تجاري,تجاري,112,0,0
2026,1,الرياض,المزاحمية,الصقورية,شقة,سكني,35,19590,169.05
2026,1,الرياض,المزاحمية,الغطغط,دور,سكني,5,23400,107.11
2026,1,الرياض,نفى,السعادة,محل,تجاري,6,0,0
2026,1,الرياض,الرياض,المعذر الشمالي,معرض تجاري,تجاري,46,0,0
2026,1,الرياض,الرياض,المروة,دور,سكني,57,26388.37,114.54
2026,1,الرياض,الرياض,المرسلات,محل,تجاري,110,0,0
2026,1,الرياض,المزاحمية,الجامعة,شقة,سكني,22,20916.31,162.89
2026,1,الرياض,عفيف,العمارية,محل,تجاري,6,0,0
2026,1,الرياض,الرياض,الرمال,شقة,سكني,4814,31363.89,261.22
2026,1,الرياض,الخرج,الورود,استديو,سكني,30,19745.45,621.57
2026,1,الرياض,المزاحمية,وسيلة,استديو,سكني,1,14400,160
2026,1,الرياض,الرياض,وادي لبن - طويق,محل,تجاري,2,0,0
2026,1,الرياض,الرياض,الشهداء,دور,سكني,37,59537.06,290.45
2026,1,الرياض,المزاحمية,الأندلس,فيلا,سكني,1,15000,68.18
2026,1,الرياض,الرياض,الإسكان,محل,تجاري,8,0,0
2026,1,الرياض,حوطه سدير,الخطامه,استديو,سكني,3,11000,97.77
2026,1,الرياض,الرياض,العقيق,دور,سكني,133,63167.61,294.9
2026,1,الرياض,الرين,الملك فيصل,فيلا,سكني,1,20000,66.66
2026,1,الرياض,حوطه بنى تميم,الخزامى,شقة,سكني,3,14000,78.77
2026,1,الرياض,الرياض,المشاعل,دور,سكني,1,33860,282.16
2026,1,الرياض,الرياض,العريجاء الأوسط,مكتب,تجاري,3,0,0
2026,1,الرياض,عفيف,الجزيرة,محل,تجاري,9,0,0
2026,1,الرياض,المجمعة,الأمير سلطان بن عبدالعزيز,معرض تجاري,تجاري,2,0,0
2026,1,الرياض,الرياض,النزهة,شقة,سكني,801,35703.79,323.07
2026,1,الرياض,الأفلاج,الصالحية,محل,تجاري,23,0,0
2026,1,الرياض,المجمعة - حويمضه,حويمضه,شقة,سكني,2,18000,180
2026,1,الرياض,الرقميه الوسطى,الرقميه الوسطى,شقة,سكني,1,18000,100
2026,1,الرياض,الدوادمي,مصدة,محل,تجاري,5,0,0
2026,1,الرياض,البديع,البديع الشمالي,شقة,سكني,21,12593.75,84.24
2026,1,الرياض,المزاحمية,طويق,محل,تجاري,27,0,0
2026,1,الرياض,الرياض,عكاظ,محل,تجاري,122,0,0
2026,1,الرياض,الرياض,النرجس,دوبلاكس,سكني,49,74568.18,361.2
2026,1,الرياض,القويعية - الرويضة,الملك عبدالعزيز,محل,تجاري,51,0,0
2026,1,الرياض,الزلفي,الفاروق,شقة,سكني,41,10638.7,91.36
2026,1,الرياض,الرياض,الرائد,مكتب,تجاري,3,0,0
2026,1,الرياض,مزارع النجفيه,مزارع النجفيه,شقة,سكني,1,18000,180
2026,1,الرياض,الرياض,الخالدية,معرض تجاري,تجاري,144,0,0
2026,1,الرياض,الأفلاج,سحاب,شقة,سكني,39,11353.33,93.28
2026,1,الرياض,الرياض,النرجس,فيلا,سكني,325,130872.35,454.64
2026,1,الرياض,القويعية - الرويضة,الربوة,محل,تجاري,10,0,0
2026,1,الرياض,الخرج,الرمال,دور,سكني,1,15000,116.93
2026,1,الرياض,الرياض,المونسية,مكتب,تجاري,93,0,0
2026,1,الرياض,الرياض,النسيم الشرقي,مكتب,تجاري,5,0,0
2026,1,الرياض,ماوان,ماوان,شقة,سكني,1,18000,90
2026,1,الرياض,الخرج,نعجان,محل,تجاري,2,0,0
2026,1,الرياض,البديع,مخطط 802,شقة,سكني,2,12500,104.16
2026,1,الرياض,القويعية,دواجن العريفي ومحطة ساسكو ومحطة الفيصل,محل,تجاري,5,0,0
2026,1,الرياض,الرياض,الوادي,معرض تجاري,تجاري,20,0,0
2026,1,الرياض,ساجر,الصناعية,محل,تجاري,23,0,0
2026,1,الرياض,الرياض,الجرادية,فيلا,سكني,37,19419.35,93.26
2026,1,الرياض,حوطه بنى تميم,السلام,محل,تجاري,48,0,0
2026,1,الرياض,الرياض,جرير,محل,تجاري,79,0,0
2026,1,الرياض,الرياض,العود,استديو,سكني,154,10600.66,384.8
2026,1,الرياض,ارطاوى الرقاص,ارطاوى الرقاص,شقة,سكني,3,12500,113.33
2026,1,الرياض,الرياض,النموذجية,مكتب,تجاري,5,0,0
2026,1,الرياض,الرياض,منطقة مفتوحة تابعة لبلدية العزيزية,شقة,سكني,1,5000,71.42
2026,1,الرياض,الرياض,الملقا,شقة,سكني,3330,53921.96,433.73
2026,1,الرياض,الأحمر,الحلة,محل,تجاري,1,0,0
2026,1,الرياض,الرياض,الزهرة,مكتب,تجاري,15,0,0
2026,1,الرياض,الرياض,معكال,محل,تجاري,7,0,0
2026,1,الرياض,الرياض,المعذر,شقة,سكني,698,28315.56,307.06
2026,1,الرياض,الرياض,المحمدية,فيلا,سكني,17,135461.53,430.98
2026,1,الرياض,الدوادمي,قرطبة,دور,سكني,1,22500,175.61
2026,1,الرياض,الرياض,نمار,معرض تجاري,تجاري,12,0,0
2026,1,الرياض,الخرج,الناصفة,استديو,سكني,15,9381.81,308.48
2026,1,الرياض,الرياض,الخالدية,استديو,سكني,126,12854.79,543.85
2026,1,الرياض,جلاجل,الصناعية,شقة,سكني,3,8900,87.15
2026,1,الرياض,الأفلاج,اليمامة,دور,سكني,1,12000,54.54
2026,1,الرياض,الرياض,الحمراء,دور,سكني,47,55924.39,255.22
2026,1,الرياض,الحيد القديم,الحيد القديم,شقة,سكني,2,13000,83.97
2026,1,الرياض,القويعية - الرويضة,الفلاح,محل,تجاري,4,0,0
2026,1,الرياض,الحريق - الحريق,الركية,شقة,سكني,1,19000,190
2026,1,الرياض,الرياض,البرية,فيلا,سكني,6,64000,195.38
2026,1,الرياض,الرين,الملك فيصل,شقة,سكني,46,12177.77,86.81
2026,1,الرياض,الرياض,العريجاء,استديو,سكني,10,20914.28,611.71
2026,1,الرياض,روضه سدير,الغدير,شقة,سكني,8,12833.33,72.02
2026,1,الرياض,الرياض,الرحمانية,محل,تجاري,131,0,0
2026,1,الرياض,الرياض,الجرادية,شقة,سكني,939,16234.33,183.06
2026,1,الرياض,المجمعة,الروضة,معرض تجاري,تجاري,1,0,0
2026,1,الرياض,حوطه بنى تميم,النهضة,محل,تجاري,1,0,0
2026,1,الرياض,المجمعة,الأمير سلطان بن عبدالعزيز,فيلا,سكني,5,29200,72.56
2026,1,الرياض,الرياض,السعادة,محل,تجاري,478,0,0
2026,1,الرياض,مرات,المروج,شقة,سكني,3,9000,104.16
2026,1,الرياض,الرياض,الملك عبدالله,استديو,سكني,2,20000,236.11
2026,1,الرياض,حوطه سدير,الشفاء,استديو,سكني,1,8000,114.28
2026,1,الرياض,عفيف,الريان,فيلا,سكني,5,10050,49.33
2026,1,الرياض,الرياض,جامعة الملك سعود,محل,تجاري,14,0,0
2026,1,الرياض,الرياض,عتيقة,مكتب,تجاري,47,0,0
2026,1,الرياض,الغاط,النخيل,شقة,سكني,4,8466.66,66.66
2026,1,الرياض,الرياض,العارض,دوبلاكس,سكني,26,67600,331.03
2026,1,الرياض,حوطه بنى تميم,المسميات 2,شقة,سكني,2,11400,67.74
2026,1,الرياض,الرياض,السويدي,مكتب,تجاري,19,0,0
2026,1,الرياض,الجبيلة,الشهداء,محل,تجاري,4,0,0
2026,1,الرياض,الرياض,الزهرة,فيلا,سكني,20,44142.78,192.95
2026,1,الرياض,آل بريك,حي الهيرة,شقة,سكني,1,18000,72
2026,1,الرياض,الخرج,غياضة,شقة,سكني,14,18285.71,122.96
2026,1,الرياض,حوطه سدير,الجنيفى,دور,سكني,1,12000,80
2026,1,الرياض,الرياض,عليشة,شقة,سكني,255,19435.35,204.66
2026,1,الرياض,الرياض,المروج,مكتب,تجاري,170,0,0
2026,1,الرياض,الدلم,سدير,محل,تجاري,1,0,0
2026,1,الرياض,الرياض,أم الحمام الغربي,استديو,سكني,75,17127.04,475.11
2026,1,الرياض,عفيف,السليمانية,شقة,سكني,61,12345.21,79.24
2026,1,الرياض,الودي,الودي,شقة,سكني,4,18000,82.64
2026,1,الرياض,الخرج,السلمية,محل,تجاري,6,0,0
2026,1,الرياض,المزاحمية,الراشدية,شقة,سكني,7,19333.33,132.76
2026,1,الرياض,الرياض,المشاعل,فيلا,سكني,1,40000,160
2026,1,الرياض,باديه الداهنه,باديه الداهنه,شقة,سكني,6,19800,187.22
2026,1,الرياض,السر,مخطط الفيضة القديم,دور,سكني,3,9500,37.94
2026,1,الرياض,الرياض,الأندلس,مكتب,تجاري,21,0,0
2026,1,الرياض,الرياض,الفاخرية,فيلا,سكني,4,30500,136.58
2026,1,الرياض,الرياض,ظهرة العودة شرق,شقة,سكني,317,27247.61,232.46
2026,1,الرياض,الخاتله,الخاتله,شقة,سكني,1,12000,51.08
2026,1,الرياض,العيينه,العيينه,شقة,سكني,1,38000,380
2026,1,الرياض,الرياض,المنار,فيلا,سكني,62,85964.15,337.85
2026,1,الرياض,الرياض,السليمانية,استديو,سكني,140,29733.08,683.43
2026,1,الرياض,الخرج,الملقا,معرض تجاري,تجاري,4,0,0
2026,1,الرياض,شقراء,الورود,محل,تجاري,21,0,0
2026,1,الرياض,الرياض,النهضة,دوبلاكس,سكني,9,49925,213.34
2026,1,الرياض,القويعية - الرويضة,اباالعبلان,شقة,سكني,5,15200,98.37
2026,1,الرياض,وادي الدواسر,القويز,دور,سكني,2,12500,41.66
2026,1,الرياض,الرياض,ديراب,دور,سكني,71,28269.84,103.22
2026,1,الرياض,الجلة,مخطط رقم 0941,فيلا,سكني,1,16000,18.6
2026,1,الرياض,الرين,القادسية,شقة,سكني,8,14633.33,80.31
2026,1,الرياض,الرياض,الصفاء,محل,تجاري,27,0,0
2026,1,الرياض,الهياثم,أم السلم,محل,تجاري,3,0,0
2026,1,الرياض,الرياض,الجزيرة,فيلا,سكني,25,67247.36,169.98
2026,1,الرياض,الخرج,الرفايع,شقة,سكني,3,6000,54.54
2026,1,الرياض,شقراء,حي التعاون,محل,تجاري,10,0,0
2026,1,الرياض,الرياض,الوزارات,محل,تجاري,226,0,0
2026,1,الرياض,الخرج,البساتين,شقة,سكني,30,17938.46,166.1
2026,1,الرياض,الرياض,الفيحاء,دور,سكني,217,42059.35,208.28
2026,1,الرياض,رماح,الريان,محل,تجاري,1,0,0
2026,1,الرياض,الزلفي,الأندلس,شقة,سكني,1,18000,120
2026,1,الرياض,الدوادمي,الرمل,شقة,سكني,1,18000,60
2026,1,الرياض,الرياض,مغرزات,دور,سكني,28,66190,347.48
2026,1,الرياض,شقراء,وادى المسمي,معرض تجاري,تجاري,1,0,0
2026,1,الرياض,الرياض,النفل,فيلا,سكني,55,158389.48,483.02
2026,1,الرياض,الخرج,نعجان,فيلا,سكني,1,25000,83.33
2026,1,الرياض,الهياثم,المسيل,استديو,سكني,1,6500,81.25
2026,1,الرياض,الزلفي,السلام,فيلا,سكني,1,17000,42.5
2026,1,الرياض,الرياض,العريجاء,شقة,سكني,176,16619.45,166.21
2026,1,الرياض,ام رجوم,ام رجوم,شقة,سكني,1,18000,72
2026,1,الرياض,الرياض,السلام,معرض تجاري,تجاري,28,0,0
2026,1,الرياض,الخرج,العدامة,دور,سكني,2,21500,162.23
2026,1,الرياض,حوطه بنى تميم,القويع,دور,سكني,1,10000,32.25
2026,1,الرياض,الخرج,العقيق,مكتب,تجاري,1,0,0
2026,1,الرياض,الخرج,الهدا,شقة,سكني,29,17087.5,124.42
2026,1,الرياض,المجمعة,الملك عبدالله,استديو,سكني,19,11211.11,303.17
2026,1,الرياض,الخرج - العزيزيه,العزيزيه,محل,تجاري,2,0,0
2026,1,الرياض,الرياض,المحمدية,استديو,سكني,3,30000,722.36
2026,1,الرياض,الرياض,الجزيرة,شقة,سكني,473,28996.91,253.88
2026,1,الرياض,الخرج,السلام,مكتب,تجاري,35,0,0
2026,1,الرياض,الرياض,الصحافة,فيلا,سكني,56,117545.94,354.88
2026,1,الرياض,الرياض,المناخ,معرض تجاري,تجاري,9,0,0
2026,1,الرياض,رماح,الواحة,دور,سكني,6,21480,78.82
2026,1,الرياض,الخفق ومزارعه,الخفق ومزارعه,شقة,سكني,1,18000,150
2026,1,الرياض,المجمعة - تمير,العزيزية,دور,سكني,3,12666.66,106.04
2026,1,الرياض,الأفلاج,سحاب,دور,سكني,5,12000,56.82
2026,1,الرياض,الهياثم,الرفيعة,محل,تجاري,1,0,0
2026,1,الرياض,الرياض,النور,دور,سكني,23,28680.95,173.89
2026,1,الرياض,الزلفي,اليمامة,دور,سكني,5,14200,89.55
2026,1,الرياض,المزاحمية,الراشدية,فيلا,سكني,2,38500,107.17
2026,1,الرياض,الرياض,ظهرة البديعة,دور,سكني,236,29880.7,151.75
2026,1,الرياض,الرياض,الخير,دور,سكني,3,36700,164.94
2026,1,الرياض,الرياض,ثليم,معرض تجاري,تجاري,32,0,0
2026,1,الرياض,الرياض,اليرموك,دور,سكني,179,44661.53,195.09
2026,1,الرياض,الحريق - الحريق,رميثان,شقة,سكني,15,10166.66,81.94
2026,1,الرياض,الرياض,المصفاة,شقة,سكني,111,28124.97,244.79
2026,1,الرياض,الرياض,الملك فيصل,مكتب,تجاري,34,0,0
2026,1,الرياض,حوطه بنى تميم,خضار,دور,سكني,1,17000,132.52
2026,1,الرياض,الرياض,الروضة,معرض تجاري,تجاري,58,0,0
2026,1,الرياض,الزلفي,الياسمين,استديو,سكني,5,9966.66,166.66
2026,1,الرياض,الكسابيه,الكسابيه,محل,تجاري,1,0,0
2026,1,الرياض,الخرج,اليرموك,دور,سكني,46,24930.28,90.42
2026,1,الرياض,المجمعة,الملك عبدالعزيز,معرض تجاري,تجاري,1,0,0
2026,1,الرياض,ملهم القديمه ومزارعها,ملهم القديمه ومزارعها,شقة,سكني,4,17000,120.19
2026,1,الرياض,الخرج,السيح,فيلا,سكني,1,39000,119.54
2026,1,الرياض,الرياض,الخزامى,دور,سكني,4,56750,350.65
2026,1,الرياض,وادي الدواسر,الصالحية,دور,سكني,2,15000,37.5
2026,1,الرياض,الرياض,المدينة الصناعية الجديدة,شقة,سكني,427,48340.47,434.06
2026,1,الرياض,الجبيلة,العدل,شقة,سكني,97,20151.42,158.72
2026,1,الرياض,الدوادمي - المستجده,المستجده,شقة,سكني,2,18000,95
2026,1,الرياض,شقراء,الروابي,دوبلاكس,سكني,1,18000,105.88
2026,1,الرياض,الرياض,الزهرة,معرض تجاري,تجاري,13,0,0
2026,1,الرياض,السيح,السيح,شقة,سكني,1,12000,120
2026,1,الرياض,الرياض,اليرموك,محل,تجاري,346,0,0
2026,1,الرياض,الرديفة,الرديفة,شقة,سكني,1,18000,120
2026,1,الرياض,الأفلاج,الملك عبدالله,دور,سكني,8,12333.33,45.56
2026,1,الرياض,قريه ديراب,قريه ديراب,محل,تجاري,4,0,0
2026,1,الرياض,عفيف,الروضة,محل,تجاري,2,0,0
2026,1,الرياض,المزاحمية,اللؤلؤة,شقة,سكني,4,14502.5,92.52
2026,1,الرياض,المزاحمية,الحزيمية,محل,تجاري,33,0,0
2026,1,الرياض,الرياض,صياح,دور,سكني,6,19000,117.08
2026,1,الرياض,الرياض,النسيم الغربي,دور,سكني,421,31933.67,171.62
2026,1,الرياض,الخاصرة,الورود,محل,تجاري,2,0,0
2026,1,الرياض,الرياض,هجرة سمحه,شقة,سكني,5,14875,123.95
2026,1,الرياض,الرياض,حطين,شقة,سكني,1026,62172.44,500.53
2026,1,الرياض,الرياض,الصالحية,دور,سكني,15,13200,115.1
2026,1,الرياض,الرياض,المصيف,محل,تجاري,201,0,0
2026,1,الرياض,الدلم,الصحنة,محل,تجاري,40,0,0
2026,1,الرياض,الرياض,الربيع,استديو,سكني,5,21100,777.5
2026,1,الرياض,القصب,العزيزية,دور,سكني,2,16500,74.5
2026,1,الرياض,الرياض,المرسلات,شقة,سكني,433,39915.44,351.5
2026,1,الرياض,الرياض,الروضة,محل,تجاري,389,0,0
2026,1,الرياض,الرياض,السلي,شقة,سكني,653,23550.27,223.73
2026,1,الرياض,الرياض,البطحاء,استديو,سكني,6,16000,355.83
2026,1,الرياض,الرياض,إشبيلية,معرض تجاري,تجاري,46,0,0
2026,1,الرياض,ضرما,الديرة,دور,سكني,1,15000,79.78
2026,1,الرياض,الرياض,ديراب,دوبلاكس,سكني,2,17500,82.45
2026,1,الرياض,ام الجماجم,ام الجماجم,محل,تجاري,5,0,0
2026,1,الرياض,الرياض,الملك عبدالعزيز,محل,تجاري,14,0,0
2026,1,الرياض,حوطه بنى تميم,السلام,فيلا,سكني,1,13000,65
2026,1,الرياض,رماح,النخيل,معرض تجاري,تجاري,2,0,0
2026,1,الرياض,الدلم,الديرة,شقة,سكني,10,12722.22,130.03
2026,1,الرياض,الرين,الرفايع,محل,تجاري,3,0,0
2026,1,الرياض,الرياض,العريجاء الغربي,استديو,سكني,176,16954.87,531.4
2026,1,الرياض,الهدار,المصارير,شقة,سكني,8,27416.66,208.02
2026,1,الرياض,حوطه بنى تميم,الخزامى,دور,سكني,2,5000,30.55
2026,1,الرياض,الرياض,ظهرة لبن,استديو,سكني,359,19580.18,442.52
2026,1,الرياض,حوطه سدير,النهضة,دور,سكني,9,13833.33,81.07
2026,1,الرياض,ثادق,مخطط الاراض البيضاء2,محل,تجاري,3,0,0
2026,1,الرياض,الرياض,السليمانية/الدرعية,دوبلاكس,سكني,6,307230,1534.54
2026,1,الرياض,الجبيلة,عقرباء,محل,تجاري,5,0,0
2026,1,الرياض,الرياض,الرفيعة,محل,تجاري,35,0,0
2026,1,الرياض,حوطه بنى تميم,النهضة,معرض تجاري,تجاري,1,0,0
2026,1,الرياض,الرياض,الملقا,فيلا,سكني,88,182671.52,470.83
2026,1,الرياض,الرياض,الجنادرية,فيلا,سكني,255,73360.26,214.86
2026,1,الرياض,الرياض,الضباط,محل,تجاري,24,0,0
2026,1,الرياض,الرياض,المنصورة,استديو,سكني,33,15281.33,552.6
2026,1,الرياض,الرياض,المنصورة,شقة,سكني,1138,21808.49,194.54
2026,1,الرياض,المشاعله,المشاعله,محل,تجاري,1,0,0
2026,1,الرياض,قريه ديراب,قريه ديراب,دور,سكني,1,50000,389.77
2026,1,الرياض,عفيف,العمارية,شقة,سكني,7,8833.33,80.64
2026,1,الرياض,الأفلاج,سحاب,محل,تجاري,3,0,0
2026,1,الرياض,الرياض,المرقب,دور,سكني,13,24390.9,159.94
2026,1,الرياض,المجمعة,الياسمين,استديو,سكني,3,6666.66,135.18
2026,1,الرياض,الرياض,الندوة,دوبلاكس,سكني,1,54000,287.02
2026,1,الرياض,المزاحمية,طويق,شقة,سكني,36,16240,120.6
2026,1,الرياض,الزلفي,اليرموك,استديو,سكني,2,18600,303
2026,1,الرياض,الرياض,الملك فهد,محل,تجاري,453,0,0
2026,1,الرياض,الدلم,النخيل,شقة,سكني,1,8000,62.4
2026,1,الرياض,الرياض,عرقة,محل,تجاري,61,0,0
2026,1,الرياض,القويعية,مخطط رقم 1111,شقة,سكني,2,18000,75
2026,1,الرياض,ساجر,أم سليم,شقة,سكني,2,14000,108.06
2026,1,الرياض,الرياض,السليمانية/الدرعية,دور,سكني,1,95000,633.33
2026,1,الرياض,القويعية,الضريب,شقة,سكني,2,10000,80.69
2026,1,الرياض,الرياض,ظهرة العودة شرق,معرض تجاري,تجاري,3,0,0
2026,1,الرياض,الرياض,ظهرة البديعة,استديو,سكني,10,15520,292.95
2026,1,الرياض,الرياض,الخليج,استديو,سكني,118,18979.78,407.82
2026,1,الرياض,الرياض,غرناطة,محل,تجاري,91,0,0
2026,1,الرياض,الرياض,سلام,محل,تجاري,17,0,0
2026,1,الرياض,الطويله الهلجان,الطويله الهلجان,شقة,سكني,1,18000,116.12
2026,1,الرياض,الرياض,الدوبية,دور,سكني,6,11233.33,93.88
2026,1,الرياض,عروى,مخطط 908,شقة,سكني,1,12000,127.86
2026,1,الرياض,الهياثم,أم السلم,شقة,سكني,1,10500,150
2026,1,الرياض,وادي الدواسر - الخالديه,الخالديه,شقة,سكني,4,18000,75
2026,1,الرياض,الرياض,الغنامية,دور,سكني,27,25197.04,146.83
2026,1,الرياض,رويغب,رويغب,محل,تجاري,1,0,0
2026,1,الرياض,عفيف,الوسام,دور,سكني,10,9400,34.48
2026,1,الرياض,ساجر,الخليج,معرض تجاري,تجاري,2,0,0
2026,1,الرياض,المجمعة - تمير,المراجيم,شقة,سكني,3,16250,90.41
2026,1,الرياض,رماح,الريان,دور,سكني,6,21983.33,83.55
2026,1,الرياض,الرياض,العزيزية,فيلا,سكني,57,42867.04,154.84
2026,1,الرياض,حوطه بنى تميم,الصناعية,معرض تجاري,تجاري,1,0,0
2026,1,الرياض,حوطه سدير,بدر,شقة,سكني,61,13502.32,129.97
2026,1,الرياض,هجره الحراقين,هجره الحراقين,دور,سكني,1,7000,17.5
2026,1,الرياض,الرياض,وادي لبن - طويق,فيلا,سكني,2,43500,217.5
2026,1,الرياض,حريملاء,حي ج2,شقة,سكني,2,14100,178.78
2026,1,الرياض,نفى,النهضة,شقة,سكني,20,18000,105.16
2026,1,الرياض,عفيف,فيضه عفيف,محل,تجاري,1,0,0
2026,1,الرياض,الدلم,الصحنة,مكتب,تجاري,2,0,0
2026,1,الرياض,الدوادمي,العليا,فيلا,سكني,11,17111.11,37.14
2026,1,الرياض,الرياض,عريض,دور,سكني,4,30937.5,208
2026,1,الرياض,الاثله,الاثله,شقة,سكني,1,18000,180
2026,1,الرياض,حريملاء,النخيل,محل,تجاري,13,0,0
2026,1,الرياض,المزاحمية,الهدا,شقة,سكني,169,18071.42,140.95
2026,1,الرياض,الجلة,مخطط رقم 0832,استديو,سكني,1,7000,350
2026,1,الرياض,الرياض,الفلاح,دوبلاكس,سكني,2,43500,210.17
2026,1,الرياض,الدوادمي - البجادية,الملك فيصل,دور,سكني,2,9000,55
2026,1,الرياض,الرياض,الشفاء,مكتب,تجاري,18,0,0
2026,1,الرياض,عفيف,الفاخرية,شقة,سكني,49,11077.77,66.15
2026,1,الرياض,المزاحمية,غرناطة,محل,تجاري,39,0,0
2026,1,الرياض,الرياض,الصالحية,معرض تجاري,تجاري,5,0,0
2026,1,الرياض,المجمعة - تمير,الملك سعود,دور,سكني,1,100000,333.33
2026,1,الرياض,الرياض,المناخ,شقة,سكني,150,22931.86,270.64
2026,1,الرياض,الرياض,النفل,دوبلاكس,سكني,1,65000,242.96
2026,1,الرياض,حوطه بنى تميم,الروابي,دور,سكني,1,14000,63.81
2026,1,الرياض,الرياض,الملك سلمان,مكتب,تجاري,99,0,0
2026,1,الرياض,رماح,الريان,فيلا,سكني,1,40000,64
2026,1,الرياض,خريمان,خريمان,شقة,سكني,3,14133.33,107.33
2026,1,الرياض,الدلم,الصحنة,استديو,سكني,2,6000,120
2026,1,الرياض,القويعية,الجزيرة,فيلا,سكني,1,50000,33.33
2026,1,الرياض,حوطه سدير,الياسمين,دور,سكني,5,18800,87.02
2026,1,الرياض,جلاجل,الملك فيصل,دور,سكني,1,12000,60
2026,1,الرياض,الزلفي,الصديق,محل,تجاري,36,0,0
2026,1,الرياض,عفيف,الورود,مكتب,تجاري,1,0,0
2026,1,الرياض,لحي,لحي,شقة,سكني,2,19000,158.33
2026,1,الرياض,الرياض,منفوحة,فيلا,سكني,3,17500,51.43
2026,1,الرياض,الرياض,الديرة,فيلا,سكني,7,22142.85,96.24
2026,1,الرياض,الرياض,المناخ,مكتب,تجاري,19,0,0
2026,1,الرياض,الرياض,الصالحية,شقة,سكني,204,14953.42,150.28
2026,1,الرياض,البديع,البديع الشمالي,فيلا,سكني,1,12000,15
2026,1,الرياض,وادي الدواسر,بهجة,شقة,سكني,3,14333.33,87.44
2026,1,الرياض,همجات بني بدوة,همجات بني بدوة,شقة,سكني,1,18000,113.92
2026,1,الرياض,الرياض,الربوة,مكتب,تجاري,186,0,0
2026,1,الرياض,الدلم,العذار,شقة,سكني,1,22500,178.28
2026,1,الرياض,الزلفي,الريان,شقة,سكني,4,10000,102.94
2026,1,الرياض,الأفلاج,النخيل,شقة,سكني,20,9150,60.06
2026,1,الرياض,عفيف,الحزم,فيلا,سكني,18,10672.72,32.08
2026,1,الرياض,الرياض,السويدي,شقة,سكني,925,19621.71,178.95
2026,1,الرياض,المخيطيه,المخيطيه,شقة,سكني,1,18000,180
2026,1,الرياض,القويعية,الزهور,شقة,سكني,39,13359.04,91.74
2026,1,الرياض,مزارع غرب وشرق عسيله,مزارع غرب وشرق عسيله,محل,تجاري,21,0,0
2026,1,الرياض,الهياثم,الديرة,دور,سكني,3,30666.66,166.66
2026,1,الرياض,الرياض,حطين,استديو,سكني,92,44782.05,1082.47
2026,1,الرياض,الدوادمي - البجادية,التضامن,دور,سكني,1,12000,100
2026,1,الرياض,الزلفي,حطين,شقة,سكني,18,12114.28,120.46
2026,1,الرياض,الرياض,المونسية,شقة,سكني,3846,35060.22,308.01
2026,1,الرياض,الرياض,الفيحاء,شقة,سكني,1327,27089.82,238.8
2026,1,الرياض,حوطه بنى تميم,زمزم,شقة,سكني,39,11836.66,102.15
2026,1,الرياض,الرياض,المحمدية,شقة,سكني,245,48092.86,508.12
2026,1,الرياض,الزلفي,الخالدية,استديو,سكني,8,8333.33,126.85
2026,1,الرياض,الدلم,النهضة,دور,سكني,5,17375,68.73
2026,1,الرياض,المزاحمية,المروج,دور,سكني,4,31850,152.79
2026,1,الرياض,الرياض,الضباط,دوبلاكس,سكني,3,45000,117.77
2026,1,الرياض,الرياض,الفيصلية,مكتب,تجاري,47,0,0
2026,1,الرياض,الرياض,العمل,محل,تجاري,848,0,0
2026,1,الرياض,شقراء,الملك عبدالله,شقة,سكني,9,11911.11,87.47
2026,1,الرياض,الرياض,الفلاح,محل,تجاري,61,0,0
2026,1,الرياض,الرياض,النزهة,فيلا,سكني,51,100302.56,393.47
2026,1,الرياض,الرياض,المروة,محل,تجاري,73,0,0
2026,1,الرياض,الرياض,المعيزيلة,دوبلاكس,سكني,1,40000,196.27
2026,1,الرياض,الرياض,نمار,استديو,سكني,30,20955.2,958.18
2026,1,الرياض,الفرعيه,الفرعيه,شقة,سكني,2,18000,165
2026,1,الرياض,الخرج,القطار,محل,تجاري,8,0,0
2026,1,الرياض,الرياض,صياح,مكتب,تجاري,11,0,0
2026,1,الرياض,الرياض,العليا,محل,تجاري,611,0,0
2026,1,الرياض,الرياض,الرائد,فيلا,سكني,7,155000,438.6
2026,1,الرياض,الدوادمي,النهضة,محل,تجاري,19,0,0
2026,1,الرياض,الرياض,الندوة,دور,سكني,81,38776.11,196.36
2026,1,الرياض,الرياض,لبن,معرض تجاري,تجاري,4,0,0
2026,1,الرياض,الرياض,النسيم الشرقي,شقة,سكني,2707,23319.21,224.96
2026,1,الرياض,الرياض,الحمراء,محل,تجاري,160,0,0
2026,1,الرياض,الرياض,الشميسي,معرض تجاري,تجاري,8,0,0
2026,1,الرياض,عبلاء القرينات,عبلاء القرينات,شقة,سكني,2,18000,180
2026,1,الرياض,الهياثم,النهضة,دور,سكني,8,14250,84.54
2026,1,الرياض,الخرج,الجامعة,شقة,سكني,78,18214.7,114.97
2026,1,الرياض,الرياض,العريجاء الأوسط,دور,سكني,260,28501.77,122.79
2026,1,الرياض,الرياض,منطقة مفتوحة تابعة لبلدية الروضة,شقة,سكني,17,92000,861.87
2026,1,الرياض,الرياض,النخيل,محل,تجاري,38,0,0
2026,1,الرياض,وادي الدواسر,نزوى,فيلا,سكني,2,26000,46.25
2026,1,الرياض,الأرطاوية,الخليج,دور,سكني,2,12000,100
2026,1,الرياض,الرياض,الورود,استديو,سكني,35,23183.33,457.83
2026,1,الرياض,الرياض,السفارات,فيلا,سكني,175,247337.17,612.16
2026,1,الرياض,الرياض,الشميسي,مكتب,تجاري,21,0,0
2026,1,الرياض,الخرج,الواحة,شقة,سكني,3,16000,120
2026,1,الرياض,الأفلاج,التوباد,شقة,سكني,101,8912.19,60.82
2026,1,الرياض,وادي الدواسر,اللدام الجنوبي,دور,سكني,4,16850,92.54
2026,1,الرياض,الرياض,النزهة,معرض تجاري,تجاري,36,0,0
2026,1,الرياض,الرياض,الندى,دوبلاكس,سكني,46,59096.15,297.86
2026,1,الرياض,روضه سدير,التعاون,دور,سكني,1,16000,133.33
2026,1,الرياض,المجمعة,الجامعيين,استديو,سكني,4,14400,291.11
2026,1,الرياض,الجلة,مخطط رقم 0824,محل,تجاري,1,0,0
2026,1,الرياض,الدوادمي,مزارع حشاشه,محل,تجاري,1,0,0
2026,1,الرياض,عفيف - الجرفيه,الجرفيه,شقة,سكني,1,8000,32
2026,1,الرياض,الرياض,غرناطة,استديو,سكني,33,24873.91,826.15
2026,1,الرياض,الجبيلة,نجد,فيلا,سكني,2,68000,301.18
2026,1,الرياض,الرياض,النهضة,شقة,سكني,2365,26876.43,254.64
2026,1,الرياض,المزاحمية,الصقورية,محل,تجاري,38,0,0
2026,1,الرياض,الرياض,الربوة,معرض تجاري,تجاري,69,0,0
2026,1,الرياض,حريملاء,النخيل,شقة,سكني,17,9835.71,96.42
2026,1,الرياض,مبايض,مبايض,دور,سكني,1,6000,50
2026,1,الرياض,الدوادمي,الريان,دوبلاكس,سكني,11,17140,88.59
2026,1,الرياض,الرياض,النموذجية,فيلا,سكني,8,82750,286.98
2026,1,الرياض,المجمعة,المستقبل,محل,تجاري,17,0,0
2026,1,الرياض,الرياض,الجنادرية,معرض تجاري,تجاري,33,0,0
2026,1,الرياض,الحبابيه,الحبابيه,شقة,سكني,1,18000,180
2026,1,الرياض,الأفلاج,غصيبة,دور,سكني,2,15000,52.5
2026,1,الرياض,الرياض,المصفاة,مكتب,تجاري,4,0,0
2026,1,الرياض,الرياض,طيبة,دور,سكني,57,37069.76,197.01
2026,1,الرياض,مرات,الشفاء,شقة,سكني,3,8666.66,76.88
2026,1,الرياض,الرياض,المنصورية,محل,تجاري,36,0,0
2026,1,الرياض,الخرج,الناصفة,محل,تجاري,27,0,0
2026,1,الرياض,الرياض,المنار,معرض تجاري,تجاري,25,0,0
2026,1,الرياض,الرياض,مغرزات,مكتب,تجاري,26,0,0
2026,1,الرياض,الدوادمي,طيبة,دوبلاكس,سكني,9,14162.5,74.71
2026,1,الرياض,الرياض,العارض,دور,سكني,233,55365.66,276.15
2026,1,الرياض,الزلفي,النهضة,دور,سكني,1,6000,40
2026,1,الرياض,الرياض,العريجاء الأوسط,معرض تجاري,تجاري,9,0,0
2026,1,الرياض,المجمعة,المطار,شقة,سكني,181,14133.98,116.34
2026,1,الرياض,حوطه سدير,بدر,استديو,سكني,7,10142.85,202.64
2026,1,الرياض,الرين,اليمامة,محل,تجاري,1,0,0
2026,1,الرياض,رماح,الورود,فيلا,سكني,4,19350,31.69
2026,1,الرياض,الرياض,النسيم الشرقي,دور,سكني,261,34317.83,163.08
2026,1,الرياض,الرياض,الخليج,معرض تجاري,تجاري,33,0,0
2026,1,الرياض,الرياض,الشهداء,معرض تجاري,تجاري,12,0,0
2026,1,الرياض,محطة روابي طويق,محطة روابي طويق,محل,تجاري,1,0,0
2026,1,الرياض,الرياض,الفلاح,معرض تجاري,تجاري,3,0,0
2026,1,الرياض,الخرج,النخيل,فيلا,سكني,1,28000,56
2026,1,الرياض,الرياض,النهضة,معرض تجاري,تجاري,65,0,0
2026,1,الرياض,الدوادمي,الديرة,محل,تجاري,51,0,0
2026,1,الرياض,الدلم,السلام,دور,سكني,1,13000,86.66
2026,1,الرياض,وادي الدواسر,الصالحية,محل,تجاري,16,0,0
2026,1,الرياض,الرويضه (رويضه شايع),الرويضه (رويضه شايع),محل,تجاري,1,0,0
2026,1,الرياض,جهام,جهام,دور,سكني,3,6666.66,28.33
2026,1,الرياض,الرياض,العمل,دوبلاكس,سكني,1,47000,261.11
2026,1,الرياض,الرياض,ظهرة البديعة,مكتب,تجاري,6,0,0
2026,1,الرياض,الرياض,العوالي,استديو,سكني,43,16089.31,365.69
2026,1,الرياض,روضه سدير,النخيل,محل,تجاري,2,0,0
2026,1,الرياض,المجمعة,البصيرة,دور,سكني,5,16640,65.75
2026,1,الرياض,الخرج,مناطق خاصة,محل,تجاري,6,0,0
2026,1,الرياض,ساجر - مغيب,مغيب,شقة,سكني,4,16000,95
2026,1,الرياض,الرياض,الصناعية,محل,تجاري,370,0,0
2026,1,الرياض,الغاط,الأندلس,شقة,سكني,1,5000,71.42
2026,1,الرياض,الخرج,الهدا,فيلا,سكني,7,28280,77.38
2026,1,الرياض,الرياض,الوشام,استديو,سكني,47,18333.33,401.66
2026,1,الرياض,الدلم,السلام,دوبلاكس,سكني,1,16000,40
2026,1,الرياض,الرياض,المهدية,دوبلاكس,سكني,11,47375,209.67
2026,1,الرياض,الرياض,الشهداء/الدرعية,شقة,سكني,4,10500,104.77
2026,1,الرياض,المجمعة - تمير,الملك سعود,شقة,سكني,9,16357.14,137.46
2026,1,الرياض,هذالات,هذالات,شقة,سكني,1,5000,22.72
2026,1,الرياض,الرياض,النخيل,استديو,سكني,10,45428.57,980.74
2026,1,الرياض,الدوادمي - الحفيره,الحفيره,شقة,سكني,1,17500,166.66
2026,1,الرياض,الرياض,الريان,استديو,سكني,52,19793.33,542.4
2026,1,الرياض,الغاط - مليح,مليح,شقة,سكني,1,18000,60
2026,1,الرياض,الزلفي,اليرموك,دوبلاكس,سكني,3,13266.66,100.37
2026,1,الرياض,الرياض,القادسية,استديو,سكني,49,22051.89,487.04
2026,1,الرياض,الرياض,الصناعية,استديو,سكني,96,13415.62,626.9
2026,1,الرياض,المزاحمية,الأندلس,شقة,سكني,44,15881.81,124.5
2026,1,الرياض,الزلفي,سمنان,شقة,سكني,32,12812.5,102.2
2026,1,الرياض,الرياض,الدفاع,مكتب,تجاري,3,0,0
2026,1,الرياض,الرياض,الثليما,محل,تجاري,1,0,0
2026,1,الرياض,الدوادمي,بدر,فيلا,سكني,1,15000,48.07
2026,1,الرياض,الخرج,الرفايع,محل,تجاري,8,0,0
2026,1,الرياض,الرياض,شبرا,فيلا,سكني,28,50157.89,154.37
2026,1,الرياض,الدوادمي - البجادية,صحارى,محل,تجاري,4,0,0
2026,1,الرياض,شقراء,الشفاء - القارة,شقة,سكني,29,10722.72,103.68
2026,1,الرياض,ضرما,البديع الشرقى,فيلا,سكني,1,21000,47.72
2026,1,الرياض,عفيف,الجزيرة,فيلا,سكني,1,9600,48.24
2026,1,الرياض,الرياض,مطار الملك خالد الدولي,محل,تجاري,24,0,0
2026,1,الرياض,الرياض,وادي لبن - طويق,معرض تجاري,تجاري,1,0,0
2026,1,الرياض,المزاحمية,العليا,استديو,سكني,7,13300,224.16
2026,1,الرياض,الهياثم,المحمدية,شقة,سكني,1,15000,75
2026,1,الرياض,رماح,الفيحانية,شقة,سكني,3,14766.66,155.84
2026,1,الرياض,الرياض,أم سليم,استديو,سكني,12,8780,212.32
2026,1,الرياض,الرياض,مغرزات,معرض تجاري,تجاري,16,0,0
2026,1,الرياض,الرياض,نمار,مكتب,تجاري,31,0,0
2026,1,الرياض,الرياض,الريان,شقة,سكني,772,37089.02,330.78
2026,1,الرياض,شقراء,حي التعاون,شقة,سكني,6,8500,105.77
2026,1,الرياض,شقراء,القارة,دور,سكني,29,12886.36,79.92
2026,1,الرياض,الزلفي,علقة,شقة,سكني,9,9720,109.56
2026,1,الرياض,الرياض,الروابي,محل,تجاري,345,0,0
2026,1,الرياض,الرياض,المرسلات,مكتب,تجاري,130,0,0
2026,1,الرياض,الزلفي,الروضة,محل,تجاري,1,0,0
2026,1,الرياض,عين البراحه,عين البراحه,شقة,سكني,1,6000,85.71
2026,1,الرياض,المجمعة,الرفيعة,شقة,سكني,8,13600,115.18
2026,1,الرياض,الرياض,العريجاء الغربي,فيلا,سكني,43,46488.17,151.95
2026,1,الرياض,الهياثم,العسيلة,دور,سكني,4,20125,116.42
2026,1,الرياض,عفيف,غرناطة,استديو,سكني,1,15000,333.33
2026,1,الرياض,عيدان,عيدان,شقة,سكني,2,18000,75
2026,1,الرياض,الدوادمي,الديرة,شقة,سكني,28,6966.66,67.52
2026,1,الرياض,سدوس,سدوس,شقة,سكني,1,18000,181.81
2026,1,الرياض,ضرما,روافة,شقة,سكني,4,17400,132.06
2026,1,الرياض,ساجر,الخليج,شقة,سكني,19,7750,66.06
2026,1,الرياض,حوطه بنى تميم,المجد,دور,سكني,3,15500,56
2026,1,الرياض,الرياض,الزهراء,محل,تجاري,37,0,0
2026,1,الرياض,حوطه سدير,العزيزية,استديو,سكني,3,12000,150
2026,1,الرياض,الرياض,هيت,محل,تجاري,2,0,0
2026,1,الرياض,ضرما,الخالدية,محل,تجاري,3,0,0
2026,1,الرياض,الرياض,السويدي الغربي,محل,تجاري,203,0,0
2026,1,الرياض,عفيف,الصناعية الأولى,محل,تجاري,1,0,0
2026,1,الرياض,الرياض,الرمال,فيلا,سكني,735,73936.43,210.98
2026,1,الرياض,الرياض,عرقة,دوبلاكس,سكني,18,68107.14,346.21
2026,1,الرياض,حوطه سدير,أم عنيق,محل,تجاري,2,0,0
2026,1,الرياض,الأفلاج,غصيبة,شقة,سكني,17,11863.72,98.61
2026,1,الرياض,الرياض,الغدير,استديو,سكني,11,28833.33,495.71
2026,1,الرياض,هجرة ومزارع بوضان,حي الثميلة,شقة,سكني,1,18000,100
2026,1,الرياض,الجبيلة,الكلية الحربية,شقة,سكني,9,20812.5,140.07
2026,1,الرياض,وادي الدواسر,الروضة,محل,تجاري,3,0,0
2026,1,الرياض,الدوادمي - البجادية,الملك فهد,دور,سكني,1,14000,46.66
2026,1,الرياض,وادي الدواسر,المقابل,محل,تجاري,10,0,0
2026,1,الرياض,ثادق,الفيصلية,شقة,سكني,5,5500,62.98
2026,1,الرياض,شقراء,الوشم,شقة,سكني,18,8772.72,102.84
2026,1,الرياض,حوطه بنى تميم,اسفل الباطن,شقة,سكني,1,6000,60
2026,1,الرياض,روضه سدير,المنار,دور,سكني,2,17250,115.31
2026,1,الرياض,الدوادمي - السليمانيه,السليمانيه,شقة,سكني,6,18000,70
2026,1,الرياض,الجمش,الجمش,محل,تجاري,16,0,0
2026,1,الرياض,القويعية,البساتين,دور,سكني,4,13250,75.33
2026,1,الرياض,المجمعة,المرقب,شقة,سكني,33,9741.66,103.11
2026,1,الرياض,الشواطن,الشواطن,شقة,سكني,1,18000,120
2026,1,الرياض,السليل,الملك عبدالعزيز,محل,تجاري,8,0,0
2026,1,الرياض,رماح,الريان,شقة,سكني,10,21190,149.87
2026,1,الرياض,الأفلاج,الصناعية,شقة,سكني,1,10000,125
2026,1,الرياض,الرياض,طيبة,مكتب,تجاري,2,0,0
2026,1,الرياض,الدلم,الخالدية,محل,تجاري,10,0,0
2026,1,الرياض,الرياض,العاصمة,معرض تجاري,تجاري,5,0,0
2026,1,الرياض,السليل,الديرة,مكتب,تجاري,2,0,0
2026,1,الرياض,الرياض,الصفاء,دور,سكني,39,50515.4,281.51
2026,1,الرياض,الدلم,الفلاح,محل,تجاري,13,0,0
2026,1,الرياض,الرياض,المصانع,مكتب,تجاري,44,0,0
2026,1,الرياض,الرياض,الإسكان,شقة,سكني,565,21398.58,185.7
2026,1,الرياض,منيفه جلوي,منيفه جلوي,استديو,سكني,1,6000,120
2026,1,الرياض,الرياض,حي_001022142,دور,سكني,8,41795.28,219.93
2026,1,الرياض,الدوادمي,الريان,فيلا,سكني,6,24100,45.25
2026,1,الرياض,القرين,القرين,شقة,سكني,2,12000,132.85
2026,1,الرياض,الزلفي,الخالدية,دوبلاكس,سكني,1,10000,33.33
2026,1,الرياض,الرياض,الحزم,معرض تجاري,تجاري,24,0,0
2026,1,الرياض,الرياض,البديعة,مكتب,تجاري,4,0,0
2026,1,الرياض,الزلفي,المنتزة,استديو,سكني,1,9000,90
2026,1,الرياض,القويعية - الرويضة,الخليج,شقة,سكني,2,9500,60.83
2026,1,الرياض,الرياض,نمار,شقة,سكني,256,20451.36,185.5
2026,1,الرياض,الخرج,حي اليمامه,شقة,سكني,2,19250,166.61
2026,1,الرياض,الجمش,مطربه,شقة,سكني,2,16505,98.1
2026,1,الرياض,رماح,السلام,دور,سكني,3,16333.33,72.16
2026,1,الرياض,الرياض,الإزدهار,دور,سكني,69,57120.68,252.03
2026,1,الرياض,محطات بنزين الصفا,محطات بنزين الصفا,محل,تجاري,2,0,0
2026,1,الرياض,حوطه بنى تميم,الحزم,دور,سكني,3,10000,62.66
2026,1,الرياض,الجلة,مخطط رقم 0941,شقة,سكني,12,16990,129.03
2026,1,الرياض,الرياض,سكيرينة,محل,تجاري,35,0,0
2026,1,الرياض,الريان,الريان,شقة,سكني,2,22500,179.7
2026,1,الرياض,حريملاء,حي ج1,استديو,سكني,1,6000,300
2026,1,الرياض,المجمعة,الصناعية الثانية,شقة,سكني,1,18000,81.81
2026,1,الرياض,الرياض,المشاعل,معرض تجاري,تجاري,7,0,0
2026,1,الرياض,المجمعة,الملك عبدالله,شقة,سكني,271,14282.19,128.27
2026,1,الرياض,المزاحمية,ج1,شقة,سكني,1,8000,26.66
2026,1,الرياض,المجمعة - تمير,الملك سلمان,شقة,سكني,2,19500,139.44
2026,1,الرياض,رماح,ج2,محل,تجاري,2,0,0
2026,1,الرياض,نفى,السعادة,دور,سكني,1,10000,78
2026,1,الرياض,الرياض,الخالدية/الدرعية,دور,سكني,42,33888.23,176.63
2026,1,الرياض,ضرما,روافة,محل,تجاري,1,0,0
2026,1,الرياض,الحريق - الحريق,المفيجر,شقة,سكني,1,27000,270
2026,1,الرياض,الزلفي,قرطبة,دور,سكني,1,13500,42.85
2026,1,الرياض,الرياض,العليا,دور,سكني,246,61637.55,353.17
2026,1,الرياض,الخرج,العقيق,دور,سكني,3,24333.33,86.57
2026,1,الرياض,حوطه سدير,المروج,دور,سكني,2,21500,107.5
2026,1,الرياض,المجمعة,الملك فهد,شقة,سكني,115,10673.64,117.31
2026,1,الرياض,الخرج,الزاهر,شقة,سكني,25,16690.83,110.25
2026,1,الرياض,عشيرة سدير,عشيرة سدير,معرض تجاري,تجاري,1,0,0
2026,1,الرياض,الرياض,طيبة,دوبلاكس,سكني,2,42000,180.25
2026,1,الرياض,الرياض,الدار البيضاء,دور,سكني,618,27846.54,129.6
2026,1,الرياض,هجرة العزيزية,هجرة العزيزية,شقة,سكني,1,18000,140.4
2026,1,الرياض,المزاحمية,اللؤلؤة,محل,تجاري,1,0,0
2026,1,الرياض,حوطه بنى تميم,الروابي,فيلا,سكني,1,26000,83.06
2026,1,الرياض,الزلفي,الملك سلمان,شقة,سكني,54,13793.33,113.03
2026,1,الرياض,القويعية - الرويضة,الشفاء,شقة,سكني,10,11550,87.92
2026,1,الرياض,الرياض,العريجاء الأوسط,استديو,سكني,109,11456.59,250.75
2026,1,الرياض,المجمعة,الملك عبدالله,معرض تجاري,تجاري,3,0,0
2026,1,الرياض,الخرج,الملقا,محل,تجاري,37,0,0
2026,1,الرياض,عيدان,عيدان,محل,تجاري,1,0,0
2026,1,الرياض,الرياض,السعادة,دور,سكني,228,43804.54,230.24
2026,1,الرياض,حريملاء,حي ج7,دور,سكني,7,19000,88.32
2026,1,الرياض,المجمعة - تمير,الخليج,شقة,سكني,6,14833.33,212.5
2026,1,الرياض,الدوادمي,الحرمين,دور,سكني,11,13777.77,51.58
2026,1,الرياض,الرقة الجنوبية,الرقة الجنوبية,شقة,سكني,7,14571.42,74.25
2026,1,الرياض,عفيف,الربوة,شقة,سكني,10,9888.88,68.65
2026,1,الرياض,الدوادمي,القادسية,شقة,سكني,1,16000,200
2026,1,الرياض,القويعية,مخطط رقم 1083,شقة,سكني,15,15769.23,85.17
2026,1,الرياض,الرياض,النسيم الشرقي,دوبلاكس,سكني,2,23000,109.82
2026,1,الرياض,الرياض,المروة,معرض تجاري,تجاري,37,0,0
2026,1,الرياض,المجمعة,المطار,محل,تجاري,31,0,0
2026,1,الرياض,ثادق,الوادي,شقة,سكني,8,6960,81.99
2026,1,الرياض,عفيف,فيضه عفيف,شقة,سكني,2,5500,44.83
2026,1,الرياض,الرياض,العود,محل,تجاري,222,0,0
2026,1,الرياض,شقراء,الملك عبدالله,فيلا,سكني,4,27250,81.11
2026,1,الرياض,الدوادمي,النزهة,محل,تجاري,2,0,0
2026,1,الرياض,الدوادمي,الواحة,معرض تجاري,تجاري,3,0,0
2026,1,الرياض,الخرج,اليمامة,مكتب,تجاري,1,0,0
2026,1,الرياض,الأفلاج,الأندلس,محل,تجاري,2,0,0
2026,1,الرياض,عفيف,ام سرحه,شقة,سكني,1,16500,86.84
2026,1,الرياض,القويعية,العواش,شقة,سكني,1,18000,200
2026,1,الرياض,الرين,الرين القديم,شقة,سكني,24,16325,104.71
2026,1,الرياض,الرين,الرفيعة,دور,سكني,1,10800,27
2026,1,الرياض,الرياض,سلطانة,استديو,سكني,42,11704,374.11
2026,1,الرياض,الرياض,الريان,محل,تجاري,139,0,0
2026,1,الرياض,الهدار,الملك عبدالله,شقة,سكني,3,13500,93.76
2026,1,الرياض,ضرما,النخيل,محل,تجاري,1,0,0
2026,1,الرياض,حريملاء,النهضة,دور,سكني,8,17875,103.79
2026,1,الرياض,الزلفي,السلام,معرض تجاري,تجاري,3,0,0
2026,1,الرياض,روضه سدير,اليمامة,شقة,سكني,1,8000,80
2026,1,الرياض,الرياض,غرناطة,دور,سكني,56,45329.54,240.62
2026,1,الرياض,هجره الحراقين,هجره الحراقين,شقة,سكني,4,17500,133.02
2026,1,الرياض,حوطه بنى تميم,المنار,دور,سكني,3,14333.33,77.77
2026,1,الرياض,المجمعة,الأمير نايف,شقة,سكني,9,14860,115.29
2026,1,الرياض,الرياض,البيان,دور,سكني,69,44145.28,198.22
2026,1,الرياض,الزلفي,السلام,محل,تجاري,6,0,0
2026,1,الرياض,الرياض,الديرة,شقة,سكني,521,18661.6,200.95
2026,1,الرياض,ضرما,جو,محل,تجاري,1,0,0
2026,1,الرياض,حريملاء,حي ج4,دور,سكني,1,16500,82.5
2026,1,الرياض,الغاط,الخزامى,دور,سكني,1,9000,70.15
2026,1,الرياض,الرياض,الناصرية,شقة,سكني,88,23282.53,259.09
2026,1,الرياض,الرياض,النهضة,مكتب,تجاري,57,0,0
2026,1,الرياض,الرياض,الدريهمية,استديو,سكني,3,21466.66,485.96
2026,1,الرياض,الأفلاج,المبرز,شقة,سكني,2,14000,50
2026,1,الرياض,الدوادمي - البجادية,الملك فيصل,شقة,سكني,22,11550,119.25
2026,1,الرياض,الخرج,القطار,شقة,سكني,27,13225,81.74
2026,1,الرياض,ضرما,اليمامة,دور,سكني,3,31333.33,95.92
2026,1,الرياض,عفيف,الشلال,فيلا,سكني,12,11328.57,45.32
2026,1,الرياض,الرياض,سمحان,شقة,سكني,7,24500,316.66
2026,1,الرياض,الدلم,الخالدية,معرض تجاري,تجاري,1,0,0
2026,1,الرياض,الرياض,ثليم,دور,سكني,21,19519.41,139.81
2026,1,الرياض,الجبيلة,الشهداء,شقة,سكني,6,20200,197.5
2026,1,الرياض,الغاط,الخزامى,محل,تجاري,1,0,0
2026,1,الرياض,رماح,المنار,دور,سكني,2,15000,68.76
2026,1,الرياض,الدلم,مخطط 476,محل,تجاري,3,0,0
2026,1,الرياض,الخرج,القطار,دور,سكني,7,12857.14,80.46
2026,1,الرياض,الأفلاج,النهضة,شقة,سكني,1,12000,141.17
2026,1,الرياض,القويعية,عشيران ومزارعها,شقة,سكني,1,4500,45
2026,1,الرياض,حوطه بنى تميم,زمزم,فيلا,سكني,1,15000,37.5
2026,1,الرياض,الخرج,اليمامة,شقة,سكني,41,12854.83,112.36
2026,1,الرياض,القويعية,الورود,شقة,سكني,4,14250,90.5
2026,1,الرياض,مرات,الحزم,محل,تجاري,2,0,0
2026,1,الرياض,الرياض,الزهرة,دوبلاكس,سكني,6,24333.33,78.64
2026,1,الرياض,الرياض,الملك عبدالله,مكتب,تجاري,12,0,0
2026,1,الرياض,وادي الدواسر,المدرسة العسكرية,شقة,سكني,1,18000,116.12
2026,1,الرياض,ضرما,الريان,فيلا,سكني,2,54500,91.8
2026,1,الرياض,هجرة الزهوه والبيان,الرياض,شقة,سكني,5,22360,182.4
2026,1,الرياض,الرياض,المصانع,معرض تجاري,تجاري,27,0,0
2026,1,الرياض,ثادق,الخالدية الشرقي,دور,سكني,1,12000,80
2026,1,الرياض,الرياض,الرائد,معرض تجاري,تجاري,7,0,0
2026,1,الرياض,الرياض,أم الحمام الشرقي,فيلا,سكني,6,155937.5,475.69
2026,1,الرياض,القويعية,الزهور,محل,تجاري,9,0,0
2026,1,الرياض,عفيف,وعلة,شقة,سكني,2,5000,33.33
2026,1,الرياض,الرياض,الربيع,دوبلاكس,سكني,32,64730.76,306.02
2026,1,الرياض,الرياض,الحزم,محل,تجاري,197,0,0
2026,1,الرياض,المجمعة,الملك سلمان,مكتب,تجاري,1,0,0
2026,1,الرياض,خضراء,خضراء,شقة,سكني,2,18000,95
2026,1,الرياض,الخرج,الناصفة,فيلا,سكني,2,26000,72.39
2026,1,الرياض,الرياض,الرماية,شقة,سكني,29,23802.29,201.11
2026,1,الرياض,الرياض,القادسية,مكتب,تجاري,2,0,0
2026,1,الرياض,الرياض,الفيحاء,دوبلاكس,سكني,2,37000,246.66
2026,1,الرياض,الأرطاوية,الخليج,محل,تجاري,18,0,0
2026,1,الرياض,الدوادمي,السلام,دوبلاكس,سكني,2,17000,100
2026,1,الرياض,رماح,النخيل,دور,سكني,9,22422.85,77.8
2026,1,الرياض,المزاحمية,ج1,محل,تجاري,1,0,0
2026,1,الرياض,السليل,الزهراء,معرض تجاري,تجاري,1,0,0
2026,1,الرياض,الرياض,المعيزيلة,شقة,سكني,892,27696.56,261.59
2026,1,الرياض,القويعية,الزهور,دور,سكني,17,13366.66,49.58
2026,1,الرياض,ساقى الناهض,ساقى الناهض,شقة,سكني,2,18000,100
2026,1,الرياض,عفيف,الجزيرة,معرض تجاري,تجاري,1,0,0
2026,1,الرياض,ضرما,النهضة,محل,تجاري,2,0,0
2026,1,الرياض,عفيف,النخيل,استديو,سكني,1,14400,96
2026,1,الرياض,الدلم,النهضة,فيلا,سكني,2,19500,50.15
2026,1,الرياض,الرياض,بنبان,استديو,سكني,7,33333.33,531.94
2026,1,الرياض,الرياض,الدفاع,محل,تجاري,9,0,0
2026,1,الرياض,الرياض,منفوحة,استديو,سكني,170,7255.17,310.57
2026,1,الرياض,عفيف,العمارية,دور,سكني,1,8400,28
2026,1,الرياض,القويعية,1029 مخطط رقم,شقة,سكني,5,11750,85.03
2026,1,الرياض,الرياض,النظيم,معرض تجاري,تجاري,12,0,0
2026,1,الرياض,الرياض,المروج,استديو,سكني,90,29555.84,784.84
2026,1,الرياض,الخرج,مشرف,دور,سكني,51,19561.76,85.45
2026,1,الرياض,الهرانيه,الهرانيه,دور,سكني,1,10000,50
2026,1,الرياض,الدلم,الناصرية,دوبلاكس,سكني,1,28000,94.11
2026,1,الرياض,الرياض,التعاون,محل,تجاري,43,0,0
2026,1,الرياض,البديع,مخطط 802,محل,تجاري,3,0,0
2026,1,الرياض,الدوادمي,العزيزية,دوبلاكس,سكني,5,14375,56.85
2026,1,الرياض,الرياض,بنبان,فيلا,سكني,3,127500,159.35
2026,1,الرياض,الرياض,الريان,مكتب,تجاري,60,0,0
2026,1,الرياض,نفى,الخزان,شقة,سكني,3,10833.33,73.61
2026,1,الرياض,الرياض,الفيصلية/الدرعية,استديو,سكني,12,24625,732.58
2026,1,الرياض,الرياض,المهدية,مكتب,تجاري,44,0,0
2026,1,الرياض,الرياض,العقيق,مكتب,تجاري,135,0,0
2026,1,الرياض,الرياض,العريجاء الأوسط,فيلا,سكني,24,31000,121.38
2026,1,الرياض,المجمعة,الملك عبدالعزيز,دور,سكني,17,20166.66,93.27
2026,1,الرياض,الرياض,الشميسي,دور,سكني,50,16978.54,140.12
2026,1,الرياض,الرياض,سلطانة,شقة,سكني,497,16535.21,169.6
2026,1,الرياض,حريملاء,حي ج9,دور,سكني,4,22500,195.55
2026,1,الرياض,الرياض,أحد,دور,سكني,50,33180.95,167.34
2026,1,الرياض,ضرما,النخيل,دور,سكني,1,23000,57.5
2026,1,الرياض,الرياض,أم الحمام الشرقي,محل,تجاري,30,0,0
2026,1,الرياض,محطة بتروليو,محطة بتروليو,محل,تجاري,1,0,0
2026,1,الرياض,الرياض,المروج,شقة,سكني,1288,39981.44,369.53
2026,1,الرياض,الجبيلة,العدل,محل,تجاري,11,0,0
2026,1,الرياض,حوطه بنى تميم,الحزم,محل,تجاري,3,0,0
2026,1,الرياض,الجلة,مخطط رقم 1141,شقة,سكني,1,10000,100
2026,1,الرياض,الأرطاوية,السعادة,محل,تجاري,3,0,0
2026,1,الرياض,الرياض,جامعة الإمام محمد بن سعود الإسلامية,شقة,سكني,14,20583.33,329.53
2026,1,الرياض,الأفلاج,التوباد,دوبلاكس,سكني,1,12000,43.63
2026,1,الرياض,شقراء,الغدير,دور,سكني,3,10666.66,70.85
2026,1,الرياض,الرياض,شبرا,معرض تجاري,تجاري,19,0,0
2026,1,الرياض,حريملاء,النهضة,استديو,سكني,1,8000,266.66
2026,1,الرياض,الرياض,العليا,استديو,سكني,221,33151.82,626.11
2026,1,الرياض,ضرما,اليمامة,شقة,سكني,20,24781.81,132.26
2026,1,الرياض,المزاحمية,الهدا,فيلا,سكني,1,30000,157.89
2026,1,الرياض,الرياض,الرفيعة,استديو,سكني,4,13000,391.66
2026,1,الرياض,الرياض,بنبان,دور,سكني,7,29000,126.4
2026,1,الرياض,حوطه بنى تميم,الصدر,محل,تجاري,1,0,0
2026,1,الرياض,حريملاء,الروضة,محل,تجاري,1,0,0
2026,1,الرياض,الرياض,نمار,دوبلاكس,سكني,1,50000,172.09
2026,1,الرياض,الأفلاج,التوباد,دور,سكني,18,10970.58,44.57
2026,1,الرياض,القويعية,مخطط رقم 995,محل,تجاري,1,0,0
2026,1,الرياض,الرياض,المهدية,محل,تجاري,121,0,0
2026,1,الرياض,مزارع البطين ومزرعه دواجن,قصور ال مقبل,استديو,سكني,3,9200,184
2026,1,الرياض,حوطه سدير,الربعة,دور,سكني,3,9000,45
2026,1,الرياض,الرياض,الدوبية,محل,تجاري,22,0,0
2026,1,الرياض,الهدار,خضرا و عشيران,شقة,سكني,1,18000,90
2026,1,الرياض,الرياض,السعادة,مكتب,تجاري,112,0,0
2026,1,الرياض,الرياض,القدس,معرض تجاري,تجاري,32,0,0
2026,1,الرياض,الدلم,النهضة,شقة,سكني,36,13666.07,83.12
2026,1,الرياض,الرياض,العريجاء الغربي,شقة,سكني,1335,19793.8,171.42
2026,1,الرياض,القويعية,الحزم,شقة,سكني,15,9285.71,76.45
2026,1,الرياض,تمرة,تمره,محل,تجاري,10,0,0
2026,1,الرياض,الرياض,العاصمة,شقة,سكني,146,37447.91,321.26
2026,1,الرياض,القويعية,1077 مخطط رقم,شقة,سكني,14,14148.07,82.27
2026,1,الرياض,الرياض,الفيصلية,محل,تجاري,121,0,0
2026,1,الرياض,الرين,نجد,شقة,سكني,19,13753.33,74.6
2026,1,الرياض,رماح,الزهور,دور,سكني,7,22600,80.49
2026,1,الرياض,مزارع شمال ام حزم,مزارع شمال ام حزم,شقة,سكني,1,7000,38.88
2026,1,الرياض,ام زموع,ام زموع,دور,سكني,1,5000,25
2026,1,الرياض,الدلم,الإزدهار,فيلا,سكني,2,27100,56.04
2026,1,الرياض,الخرج,الفيصلية,مكتب,تجاري,6,0,0
2026,1,الرياض,الرياض,أحد,محل,تجاري,41,0,0
2026,1,الرياض,الرياض,المنصورة,دور,سكني,208,35335.18,192.1
2026,1,الرياض,المزاحمية,الأندلس,استديو,سكني,23,18350,325.11
2026,1,الرياض,المجمعة,الجامعيين,دور,سكني,3,22000,110.43
2026,1,الرياض,الدلم,الصحنة,دور,سكني,8,9357.14,39.16
2026,1,الرياض,الرياض,الرمال,استديو,سكني,1216,21981.38,613.47
2026,1,الرياض,الخرج,غياضة,دوبلاكس,سكني,1,22000,70.64
2026,1,الرياض,رماح,النرجس,محل,تجاري,1,0,0
2026,1,الرياض,المحيجر,المحيجر,شقة,سكني,2,16500,94.46
2026,1,الرياض,المزاحمية,المحمدية,دور,سكني,1,28000,218.54
2026,1,الرياض,الرياض,المشرق,مكتب,تجاري,5,0,0
2026,1,الرياض,القويعية,أم سريحة,شقة,سكني,1,18000,60
2026,1,الرياض,الرياض,الملز,دوبلاكس,سكني,5,46000,246.79
2026,1,الرياض,القويعية,المروج,دور,سكني,10,17800,69.95
2026,1,الرياض,الخرج,الفيصلية,استديو,سكني,26,14765.21,261.67
2026,1,الرياض,عفيف,الربوة,محل,تجاري,5,0,0
2026,1,الرياض,الرياض,منفوحة الجديدة,مكتب,تجاري,2,0,0
2026,1,الرياض,الرياض,العريجاء الأوسط,شقة,سكني,823,18281.17,154.79
2026,1,الرياض,الرياض,البطحاء,دور,سكني,3,21000,232.5
2026,1,الرياض,الرياض,الندوة,شقة,سكني,985,24509.82,212.25
2026,1,الرياض,وادي الدواسر,اللدام الشمالي,دور,سكني,1,13000,81.25
2026,1,الرياض,الرياض,الدوبية,فيلا,سكني,1,52000,104
2026,1,الرياض,حريملاء,حي ج5,محل,تجاري,1,0,0
2026,1,الرياض,وادي الدواسر,المعتلا,شقة,سكني,57,15622.44,114.53
2026,1,الرياض,الأفلاج,الفيصلية,دور,سكني,1,5000,20
2026,1,الرياض,عفيف,الربوة,دور,سكني,10,12250,51.1
2026,1,الرياض,المزاحمية,طويق,دور,سكني,5,25000,120.2
2026,1,الرياض,الدلم,الإزدهار,محل,تجاري,8,0,0
2026,1,الرياض,الزلفي,السيح,دوبلاكس,سكني,1,8000,62.44
2026,1,الرياض,حريملاء,القرينة الجديدة,دور,سكني,1,24000,65.75
2026,1,الرياض,القويعية - الرويضة,الربوة,شقة,سكني,47,13611.11,77.86
2026,1,الرياض,ضرما,البديع الشرقى,دور,سكني,12,22520,86.92
2026,1,الرياض,القصب,الخالدية,شقة,سكني,1,15000,129.44
2026,1,الرياض,الرياض,أحد,فيلا,سكني,13,41254.54,145.48
2026,1,الرياض,الرياض,المهدية,استديو,سكني,66,22488.17,377.35
2026,1,الرياض,الدوادمي,الفيصلية,دور,سكني,9,11222.22,57.38
2026,1,الرياض,الرياض,الشرفية,فيلا,سكني,5,61250,292.59
2026,1,الرياض,الرياض,الملك فيصل,دوبلاكس,سكني,53,138620.81,651.19
2026,1,الرياض,الرياض,غبيرا,فيلا,سكني,6,21200,96.17
2026,1,الرياض,الرياض,الشهداء,شقة,سكني,915,48696.28,369.7
2026,1,الرياض,الأرطاوية,السعادة,شقة,سكني,4,18000,127.5
2026,1,الرياض,الافلاج - الروضه,الروضه,شقة,سكني,1,18000,116.12
2026,1,الرياض,السليل,النخيل,مكتب,تجاري,1,0,0
2026,1,الرياض,الرياض,الشهداء,مكتب,تجاري,55,0,0
2026,1,الرياض,ثادق,الخالدية,شقة,سكني,7,12100,80.51
2026,1,الرياض,الحجاجى,الحجاجى,شقة,سكني,2,14000,122.85
2026,1,الرياض,عفيف,الورود,محل,تجاري,11,0,0
2026,1,الرياض,رماح,المروج,محل,تجاري,5,0,0
2026,1,الرياض,ابو سروح,ابو سروح,شقة,سكني,4,8000,100
2026,1,الرياض,الأفلاج,النخيل,محل,تجاري,5,0,0
2026,1,الرياض,رماح,المنار,معرض تجاري,تجاري,1,0,0
2026,1,الرياض,الرياض,عليشة,فيلا,سكني,42,47147.05,112.4
2026,1,الرياض,الفرعه,الفرعه,شقة,سكني,1,9500,74.05
2026,1,الرياض,الجبيلة,الأمير سلطان,محل,تجاري,1,0,0
2026,1,الرياض,الأفلاج,التعاون,محل,تجاري,3,0,0
2026,1,الرياض,الرياض,الحزم,مكتب,تجاري,25,0,0
2026,1,الرياض,الزلفي,الصناعية,محل,تجاري,1,0,0
2026,1,الرياض,الخرج,النخيل,معرض تجاري,تجاري,1,0,0
2026,1,الرياض,الدوادمي,الروضة,محل,تجاري,7,0,0
2026,1,الرياض,الرياض,الخليج,فيلا,سكني,53,92572.73,249.91
2026,1,الرياض,الرياض,الخالدية/الدرعية,فيلا,سكني,2,52500,164.95
2026,1,الرياض,مزارع العبله,مزارع العبله,معرض تجاري,تجاري,1,0,0
2026,1,الرياض,الخرج,الناصفة,شقة,سكني,111,15989.87,106.7
2026,1,الرياض,الرياض,المونسية,معرض تجاري,تجاري,77,0,0
2026,1,الرياض,مشروع مخطط استراحات,مشروع مخطط استراحات,شقة,سكني,2,14500,126.08
2026,1,الرياض,روضه سدير,الفيصلية,شقة,سكني,11,12457.14,98.25
2026,1,الرياض,المزاحمية,اللؤلؤة,دور,سكني,4,28000,92.89
2026,1,الرياض,الرياض,الغدير,محل,تجاري,54,0,0
2026,1,الرياض,الرياض,الربوة,استديو,سكني,23,23714.61,539.77
2026,1,الرياض,الخرج,الخالدية,فيلا,سكني,16,21250,81.58
2026,1,الرياض,الرياض,الوشام,دور,سكني,16,23371.12,173.82
2026,1,الرياض,السر,مخطط الفيضة القديم,شقة,سكني,14,15646.76,85.32
2026,1,الرياض,رماح,الخزامى,محل,تجاري,1,0,0
2026,1,الرياض,الرياض,الندوة,معرض تجاري,تجاري,13,0,0
2026,1,الرياض,مرات,المدرجية,استديو,سكني,1,6500,162.5
2026,1,الرياض,وادي الدواسر,الشرافا,محل,تجاري,6,0,0
2026,1,الرياض,لجعه,لجعه,شقة,سكني,2,16200,90
2026,1,الرياض,الرياض,المناخ,محل,تجاري,76,0,0
2026,1,الرياض,حوطه سدير,بدر,محل,تجاري,12,0,0
2026,1,الرياض,الرياض,الوزارات,مكتب,تجاري,31,0,0
2026,1,الرياض,مشاش عوض,مشاش عوض,شقة,سكني,3,16500,106.66
2026,1,الرياض,حوطه سدير,القادسية,دور,سكني,4,20500,120.62
2026,1,الرياض,القويعية - جلاله,ج7,دور,سكني,1,17000,170
2026,1,الرياض,الرياض,النموذجية,معرض تجاري,تجاري,19,0,0
2026,1,الرياض,الرياض,الوادي,شقة,سكني,1214,36415.51,348.37
2026,1,الرياض,الرياض,أم الحمام الغربي,شقة,سكني,1398,26021.92,286.23
2026,1,الرياض,الغاط,البستان,شقة,سكني,5,6600,55.62
2026,1,الرياض,الزلفي,الفيصلية,شقة,سكني,26,15177.77,113.27
2026,1,الرياض,الرياض,الهدا,استديو,سكني,5,75000,937.5
2026,1,الرياض,ساجر,الخليج,دور,سكني,4,13500,59.82
2026,1,الرياض,القويعية,الورود,دور,سكني,2,17000,76.8
2026,1,الرياض,المجمعة,الملك عبدالعزيز,شقة,سكني,101,12620.64,110.26
2026,1,الرياض,الزلفي,الفاروق,معرض تجاري,تجاري,2,0,0
2026,1,الرياض,الزلفي,القدس,معرض تجاري,تجاري,2,0,0
2026,1,الرياض,العقلة,العقلة,شقة,سكني,7,16550,122.82
2026,1,الرياض,الرياض,بدر,مكتب,تجاري,42,0,0
2026,1,الرياض,الرياض,سكيرينة,فيلا,سكني,4,14000,67.96
2026,1,الرياض,الرياض,المناخ,دور,سكني,28,23854.54,129.17
2026,1,الرياض,الرياض,أم الحمام الغربي,مكتب,تجاري,24,0,0
2026,1,الرياض,عفيف,الفاخرية,محل,تجاري,14,0,0
2026,1,الرياض,الخرج,السلام,محل,تجاري,331,0,0
2026,1,الرياض,الأرطاوية,الغدير,شقة,سكني,1,18000,120
2026,1,الرياض,الرياض,العقيق,معرض تجاري,تجاري,36,0,0
2026,1,الرياض,وادي الدواسر,النويعمة,استديو,سكني,1,6000,120
2026,1,الرياض,ساجر,الخليج,استديو,سكني,1,6000,60
2026,1,الرياض,حوطه بنى تميم,السعودية,استديو,سكني,1,5000,71.42
2026,1,الرياض,الأفلاج,الجفيدرية,دور,سكني,1,10000,25.77
2026,1,الرياض,الخرج,النهضة,استديو,سكني,33,12005.26,255.31
2026,1,الرياض,المجمعة - تمير,الملك عبدالله,محل,تجاري,3,0,0
2026,1,الرياض,الجمش,الجمش,فيلا,سكني,1,18000,120
2026,1,الرياض,الدلم,السلام,محل,تجاري,20,0,0
2026,1,الرياض,الرياض,السليمانية/الدرعية,معرض تجاري,تجاري,6,0,0
2026,1,الرياض,الرياض,منفوحة,دوبلاكس,سكني,1,25500,198.9
2026,1,الرياض,شقراء,الرحبة,محل,تجاري,7,0,0
2026,1,الرياض,الشعب,الشعب,شقة,سكني,4,15250,88.21
2026,1,الرياض,عفيف,الشلال,دور,سكني,20,10742.85,37.05
2026,1,الرياض,الرياض,الغنامية,شقة,سكني,50,16632.52,195.16
2026,1,الرياض,الدوادمي,اليمامة,شقة,سكني,5,11666.66,91.32
2026,1,الرياض,المجمعة,الإسكان,محل,تجاري,1,0,0
2026,1,الرياض,الرياض,الشفاء,شقة,سكني,836,19524.35,177.07
2026,1,الرياض,مرات,الخالدية,شقة,سكني,1,13000,86.66
2026,1,الرياض,السموحيه,السموحيه,شقة,سكني,1,18000,90
2026,1,الرياض,الدوادمي,الدرع,محل,تجاري,29,0,0
2026,1,الرياض,حوطه بنى تميم,اسفل الباطن الشمالي,شقة,سكني,1,10000,90.9
2026,1,الرياض,حريملاء,السد,دور,سكني,14,18566.66,98.21
2026,1,الرياض,الزلفي,الملك عبدالله,شقة,سكني,3,9250,99.64
2026,1,الرياض,الرياض,الزهراء,دور,سكني,37,61756.33,345.32
2026,1,الرياض,القويعية,الربوة,شقة,سكني,47,14879.41,126.04
2026,1,الرياض,عنان,عنان,شقة,سكني,1,18000,120
2026,1,الرياض,المزاحمية,الياسمين,محل,تجاري,2,0,0
2026,1,الرياض,الدوادمي - البجادية,صقرة,دور,سكني,2,6500,24.35
2026,1,الرياض,الدوادمي,الديرة,دور,سكني,11,11909.09,69.67
2026,1,الرياض,الرياض,حطين,فيلا,سكني,51,229399.96,579.13
2026,1,الرياض,مزارع السكران الشرقيه,مزارع السمحان وام برج,شقة,سكني,1,15000,125
2026,1,الرياض,جنوب مخطط الخماسين الزراعي,جنوب مخطط الخماسين الزراعي,محل,تجاري,8,0,0
2026,1,الرياض,الدوادمي,الروضة,شقة,سكني,24,12646.66,101.08
2026,1,الرياض,الرياض,العليا,معرض تجاري,تجاري,323,0,0
2026,1,الرياض,الخرج,اليرموك,محل,تجاري,42,0,0
2026,1,الرياض,الزلفي,قرطبة,استديو,سكني,1,18000,180
2026,1,الرياض,الرياض,النسيم الغربي,دوبلاكس,سكني,1,60000,200
2026,1,الرياض,الزلفي,الملك عبدالله,محل,تجاري,1,0,0
2026,1,الرياض,الجمش - مشرفه,مشرفه,شقة,سكني,1,18000,124.13
2026,1,الرياض,الأفلاج,الورود,محل,تجاري,3,0,0
2026,1,الرياض,الرياض,لبن,محل,تجاري,63,0,0
2026,1,الرياض,مزرعة الداود ومحطة محروقات,مزرعة الداود ومحطة محروقات,محل,تجاري,3,0,0
2026,1,الرياض,أشيقر,مخطط رقم725,فيلا,سكني,1,10000,15.87
2026,1,الرياض,الرياض,منطقة مفتوحة تابعة لبلدية الروضة,فيلا,سكني,1,442084,1811.81
2026,1,الرياض,حوطه بنى تميم,المنار,معرض تجاري,تجاري,5,0,0
2026,1,الرياض,الزلفي,السيح,محل,تجاري,10,0,0
2026,1,الرياض,الدلم,الفلاح,دور,سكني,10,8600,34.1
2026,1,الرياض,الحصاة,ال فهد,شقة,سكني,1,12000,100
2026,1,الرياض,الأفلاج,التوباد,فيلا,سكني,3,15000,25.29
2026,1,الرياض,الرياض,عريض,شقة,سكني,73,18704.54,164.93
2026,1,الرياض,الرياض,الجزيرة,استديو,سكني,25,26000,781.16
2026,1,الرياض,المزاحمية,حضار,فيلا,سكني,1,20000,40
2026,1,الرياض,المزاحمية,المحمدية,محل,تجاري,1,0,0
2026,1,الرياض,الرياض,الرفيعة,دوبلاكس,سكني,2,82500,469.89
2026,1,الرياض,شقراء,القارة,مكتب,تجاري,1,0,0
2026,1,الرياض,الجمش - الصالحيه,الصالحيه,شقة,سكني,3,15333.33,144.17
2026,1,الرياض,الرياض,الروابي,شقة,سكني,1384,27882.16,262.83
2026,1,الرياض,الخرج,البدع,دور,سكني,2,12300,59.51
2026,1,الرياض,الخرج,النهضة,محل,تجاري,172,0,0
2026,1,الرياض,الرياض,الحزم,دور,سكني,185,31527.46,143.33
2026,1,الرياض,عفيف,الدانة,محل,تجاري,7,0,0
2026,1,الرياض,روضه سدير,ج20,محل,تجاري,3,0,0
2026,1,الرياض,الرياض,النهضة,فيلا,سكني,59,60685.41,195.22
2026,1,الرياض,الرياض,المنصورية,معرض تجاري,تجاري,2,0,0
2026,1,الرياض,المشف,المشف,شقة,سكني,1,5000,71.42
2026,1,الرياض,الرياض,القيروان,فيلا,سكني,94,165159.61,556.35
2026,1,الرياض,الدوادمي,السلام,معرض تجاري,تجاري,2,0,0
2026,1,الرياض,نفى,النهضة,دور,سكني,1,6000,40
2026,1,الرياض,الرياض,المنصورية,دور,سكني,1,20000,80
2026,1,الرياض,الرياض,الصناعية,مكتب,تجاري,9,0,0
2026,1,الرياض,فيضه الجمانيه,فيضه الجمانيه,شقة,سكني,1,7000,53.84
2026,1,الرياض,الخرج,الخالدية,معرض تجاري,تجاري,5,0,0
2026,1,الرياض,السحيمى,السحيمى,شقة,سكني,1,14400,91.71
2026,1,الرياض,الرياض,المهدية,معرض تجاري,تجاري,10,0,0
2026,1,الرياض,الرياض,السعادة,فيلا,سكني,73,94564.91,350.84
2026,1,الرياض,الخرج,العيون,فيلا,سكني,1,27000,90
2026,1,الرياض,الزلفي,اليرموك,دور,سكني,11,11120,76.18
2026,1,الرياض,الخرج,السلمية,دور,سكني,9,14975,73.81
2026,1,الرياض,الرياض,الرحمانية,مكتب,تجاري,72,0,0
2026,1,الرياض,الرياض,المرسلات,استديو,سكني,19,11420,339.12
2026,1,الرياض,الرياض,المؤتمرات,دوبلاكس,سكني,1,95000,513.51
2026,1,الرياض,الرياض,السحاب,محل,تجاري,1,0,0
2026,1,الرياض,الرياض,السعادة,معرض تجاري,تجاري,80,0,0
2026,1,الرياض,القويعية - البدع,البدع,شقة,سكني,1,18000,60
2026,1,الرياض,رماح,المنار,شقة,سكني,28,10843.47,75.45
2026,1,الرياض,وادي الدواسر,اللدام الشمالي,محل,تجاري,83,0,0
2026,1,الرياض,الرياض,الناصرية,دور,سكني,5,25200,175.24
2026,1,الرياض,مزرعة البكر ودواجن الأخوين,منطقة مفتوحة تابعة لبلدية السلي,شقة,سكني,10,15875,149.38
2026,1,الرياض,الرياض,السلام,فيلا,سكني,31,66500,199.5
2026,1,الرياض,الرياض,المعذر الشمالي,استديو,سكني,21,60000,1980.97
2026,1,الرياض,الزلفي,الياسمين,شقة,سكني,6,11200,105.05
2026,1,الرياض,الخرج,الهدا,دور,سكني,12,21181.81,91.16
2026,1,الرياض,الرياض,الندوة,مكتب,تجاري,18,0,0
2026,1,الرياض,المزاحمية,الصقورية,استديو,سكني,43,9583.33,405.27
2026,1,الرياض,الرياض,الشهداء,فيلا,سكني,66,252008.62,869.03
2026,1,الرياض,حوطه سدير,الحلة الطالعية,شقة,سكني,23,12078.94,128.25
2026,1,الرياض,الرياض,الروابي,مكتب,تجاري,87,0,0
2026,1,الرياض,عفيف - الخالديه,الخالديه,شقة,سكني,2,18000,111
2026,1,الرياض,الغاط,الغدير,محل,تجاري,2,0,0
2026,1,الرياض,الرياض,القيروان,مكتب,تجاري,78,0,0
2026,1,الرياض,الرياض,الغنامية,فيلا,سكني,2,52500,288.85
2026,1,الرياض,الدوادمي,بدر,دور,سكني,10,12757.14,49.92
2026,1,الرياض,مبايض,مبايض,شقة,سكني,1,12000,104.34
2026,1,الرياض,الرياض,النرجس,استديو,سكني,268,18478.43,484.06
2026,1,الرياض,حوطه سدير,العطار,شقة,سكني,1,8700,58
2026,1,الرياض,الجبيلة,نجد,دور,سكني,9,27044.44,162.77
2026,1,الرياض,الرياض,الجزيرة,مكتب,تجاري,52,0,0
2026,1,الرياض,الرياض,ضاحية نمار,محل,تجاري,42,0,0
2026,1,الرياض,الرياض,إشبيلية,دور,سكني,159,47858.68,207.35
2026,1,الرياض,الرياض,الملك عبدالله,معرض تجاري,تجاري,15,0,0
2026,1,الرياض,الوهابيه ومزارعها,الوهابيه ومزارعها,شقة,سكني,4,13750,103.26
2026,1,الرياض,المجمعة,المستقبل,استديو,سكني,14,11044.44,343.92
2026,1,الرياض,الرياض,سكيرينة,شقة,سكني,454,13612.04,185.27
2026,1,الرياض,رماح,السلام,شقة,سكني,9,12800,66.47
2026,1,الرياض,المجمعة,ج13,محل,تجاري,1,0,0
2026,1,الرياض,الرياض,اليمامة,محل,تجاري,142,0,0
2026,1,الرياض,الرياض,الدريهمية,دور,سكني,39,28003.12,145.76
2026,1,الرياض,الرياض,النسيم الشرقي,فيلا,سكني,32,46292.17,182.73
2026,1,الرياض,الرياض,منطقة مفتوحة تابعة لبلدية الروضة,معرض تجاري,تجاري,1,0,0
2026,1,الرياض,رماح,الإزدهار,فيلا,سكني,1,23000,46
2026,1,الرياض,مرات,الربوة,دور,سكني,2,9000,53.33
2026,1,الرياض,حوطه بنى تميم,النهضة,شقة,سكني,6,10000,100
2026,1,الرياض,الرياض,الملك عبدالله,دور,سكني,12,77900,426.28
2026,1,الرياض,الرياض,المؤتمرات,دور,سكني,1,110000,550
2026,1,الرياض,الأحمر,ال هذال,شقة,سكني,1,5000,33.05
2026,1,الرياض,عفيف - ابو عشره,ابو عشره,استديو,سكني,1,6300,210
2026,1,الرياض,الجريفه,الجريفه,شقة,سكني,1,10000,125
2026,1,الرياض,الرياض,النسيم الشرقي,محل,تجاري,739,0,0
2026,1,الرياض,وادي الدواسر,اللدام الجنوبي,محل,تجاري,14,0,0
2026,1,الرياض,الجبيلة,الواحة,محل,تجاري,10,0,0
2026,1,الرياض,المجمعة,المطار,دور,سكني,14,18454.54,102.92
2026,1,الرياض,الرياض,البديعة,استديو,سكني,8,12206.33,311.86
2026,1,الرياض,الرياض,الوسام,شقة,سكني,1,39600,330
2026,1,الرياض,المزاحمية,الأندلس,معرض تجاري,تجاري,1,0,0
2026,1,الرياض,القويعية,1029 مخطط رقم,دور,سكني,7,16683.33,57.77
2026,1,الرياض,الخرج,مشرف,دوبلاكس,سكني,1,16000,80
2026,1,الرياض,عصماء,عصماء,محل,تجاري,1,0,0
2026,1,الرياض,الرياض,الندى,معرض تجاري,تجاري,8,0,0
2026,1,الرياض,الرياض,الجرادية,دور,سكني,43,17941.66,147.38
2026,1,الرياض,الرياض,الملز,معرض تجاري,تجاري,103,0,0
2026,1,الرياض,وادي الدواسر,آل عويمر,شقة,سكني,13,17418.18,114.9
2026,1,الرياض,ضرما,المنتزة,دور,سكني,1,35000,175.87
2026,1,الرياض,الرياض,النموذجية,دوبلاكس,سكني,1,75000,340.9
2026,1,الرياض,الأفلاج,اليمامة,شقة,سكني,1,18000,90
2026,1,الرياض,محطات بنزين الغامدي,محطات بنزين الغامدي,محل,تجاري,1,0,0
2026,1,الرياض,الرياض,الديرة,مكتب,تجاري,122,0,0
2026,1,الرياض,ثادق,الجنادرية,دور,سكني,1,17000,56.66
2026,1,الرياض,الرياض,الوسام,محل,تجاري,3,0,0
2026,1,الرياض,حوطه سدير,الشفاء,شقة,سكني,17,11670.62,101.95
2026,1,الرياض,الرياض,إشبيلية,محل,تجاري,237,0,0
2026,1,الرياض,رماح,الورود,شقة,سكني,16,16716.66,93.3
2026,1,الرياض,المجمعة,البصيرة,محل,تجاري,3,0,0
2026,1,الرياض,الرياض,أم سليم,شقة,سكني,720,17291.9,194.35
2026,1,الرياض,ضرما,البديع الغربي,فيلا,سكني,4,18500,49.94
2026,1,الرياض,الرياض,ظهرة البديعة,دوبلاكس,سكني,1,36000,120
2026,1,الرياض,الرياض,لبن,فيلا,سكني,20,69739.33,271.21
2026,1,الرياض,الدوادمي,القادسية,محل,تجاري,1,0,0
2026,1,الرياض,المزاحمية,الصناعية,محل,تجاري,8,0,0
2026,1,الرياض,الرياض,الصحافة,دور,سكني,132,60758.33,261.56
2026,1,الرياض,الرياض,إشبيلية,مكتب,تجاري,156,0,0
2026,1,الرياض,القويعية - الرويضة,الخليج,فيلا,سكني,2,11000,44.58
2026,1,الرياض,رماح,المروج,فيلا,سكني,1,8000,18.18
2026,1,الرياض,الحريق - الحريق,البلدية,شقة,سكني,6,15666.66,92.32
2026,1,الرياض,القويعية - الرويضة,مخطط رقم 621,دور,سكني,1,18000,90
2026,1,الرياض,الرياض,ظهرة لبن,دور,سكني,264,42982.71,188.34
2026,1,الرياض,الرياض,الرحمانية,شقة,سكني,182,46034.15,390.66
2026,1,الرياض,ضرما,البديع الشرقى,محل,تجاري,8,0,0
2026,1,الرياض,الدوادمي,الخالدية,مكتب,تجاري,1,0,0
2026,1,الرياض,منيفه جلوي,منيفه جلوي,دور,سكني,1,12000,60
2026,1,الرياض,الهدار,الإزدهار,محل,تجاري,1,0,0
2026,1,الرياض,الخرج,العيون,استديو,سكني,5,20400,350.66
2026,1,الرياض,القويعية - الرويضة,السليمانية,شقة,سكني,12,10111.11,67.05
2026,1,الرياض,الرياض,الحزم,فيلا,سكني,62,40715.37,147.64
2026,1,الرياض,وادي الدواسر,التقنية,فيلا,سكني,1,15000,30
2026,1,الرياض,الشاهريه,الشاهريه,شقة,سكني,3,18000,94.91
2026,1,الرياض,الخرج,العالية,استديو,سكني,6,14750,114.16
2026,1,الرياض,الرمحيه,الرمحيه,شقة,سكني,1,24000,120
2026,1,الرياض,الجبيلة,الواحة,استديو,سكني,6,16700,390
2026,1,الرياض,الرياض,العود,دور,سكني,38,16922.58,122.39
2026,1,الرياض,الزلفي,الصديق,دور,سكني,7,10916.66,77.96
2026,1,الرياض,الدوادمي,القدس,مكتب,تجاري,1,0,0
2026,1,الرياض,الرياض,المدينة الصناعية الجديدة,استديو,سكني,3,13000,333.33
2026,1,الرياض,الأرطاوية,سلطانة,دوبلاكس,سكني,1,14000,70
2026,1,الرياض,الدوادمي - المستجده,المستجده,دور,سكني,1,12000,30
2026,1,الرياض,المجمعة,الفيحاء,دور,سكني,4,8750,62.73
2026,1,الرياض,الرياض,العاصمة,دوبلاكس,سكني,3,155000,672.92
2026,1,الرياض,القاعيه,القاعيه,شقة,سكني,2,18000,120
2026,1,الرياض,حوطه بنى تميم,زياد,شقة,سكني,6,18583.33,133.59
2026,1,الرياض,المجمعة,اليرموك,دور,سكني,23,15980,69.18
2026,1,الرياض,الرياض,المونسية,محل,تجاري,419,0,0
2026,1,الرياض,الغاط,النخيل,دور,سكني,1,9000,30
2026,1,الرياض,بلثقاء,بلثقاء,شقة,سكني,1,18000,60
2026,1,الرياض,الدلم,الفيصلية,شقة,سكني,4,20000,173.67
2026,1,الرياض,الدوادمي,الواحة,دور,سكني,3,17500,72.39
2026,1,الرياض,الأرطاوية,النخيل,دور,سكني,1,9600,89.71
2026,1,الرياض,محطة فيول واي,محطة فيول واي,محل,تجاري,4,0,0
2026,1,الرياض,الرين,الملك فيصل,دور,سكني,9,9000,33.42
2026,1,الرياض,الدوادمي,الملك فهد,فيلا,سكني,1,17400,43.5
2026,1,الرياض,الخرج,اليمامة,دور,سكني,7,14314.28,73.23
2026,1,الرياض,الرياض,سدرة,شقة,سكني,7,38280,370.97
2026,1,الرياض,القويعية,مخطط رقم 995,دوبلاكس,سكني,1,15000,42.85
2026,1,الرياض,الخرج,اليرموك,دوبلاكس,سكني,2,24000,96
2026,1,الرياض,الرياض,الوزارات,فيلا,سكني,6,76000,210.06
2026,1,الرياض,القويعية,أبو سليم,محل,تجاري,8,0,0
2026,1,الرياض,حوطه بنى تميم,الورود,دور,سكني,3,16000,80.55
2026,1,الرياض,الرياض,النموذجية,شقة,سكني,277,34031.26,321.83
2026,1,الرياض,الداره,الداره,شقة,سكني,1,18000,100
2026,1,الرياض,القويعية,الخليج,دور,سكني,12,15200,52.11
2026,1,الرياض,المزاحمية,طويق,دوبلاكس,سكني,1,30000,153.84
2026,1,الرياض,عشيرة سدير,عشيرة سدير,محل,تجاري,9,0,0
2026,1,الرياض,شقراء,الروضة,استديو,سكني,7,12000,200
2026,1,الرياض,الأرطاوية,النخيل,شقة,سكني,7,16057.14,94.34
2026,1,الرياض,الكواكب,الكواكب,شقة,سكني,1,6000,60
2026,1,الرياض,الرياض,الخزامى,محل,تجاري,2,0,0
2026,1,الرياض,الحصاة - الجدعاء,الجدعاء,شقة,سكني,1,18000,60
2026,1,الرياض,الرياض,عليشة,مكتب,تجاري,1,0,0
2026,1,الرياض,حريملاء,حي ج14,محل,تجاري,3,0,0
2026,1,الرياض,الأرطاوية,سلطانة,محل,تجاري,11,0,0
2026,1,الرياض,عفيف - ابو عشره,ابو عشره,شقة,سكني,1,5000,41.66
2026,1,الرياض,البديع,البديع الجنوبي,شقة,سكني,2,18000,120
2026,1,الرياض,الرياض,الشهداء/الدرعية,دور,سكني,1,24000,101.05
2026,1,الرياض,الرياض,إشبيلية,استديو,سكني,118,22562.03,540.56
2026,1,الرياض,الجمش,مخطط رقم 120,محل,تجاري,1,0,0
2026,1,الرياض,مزارع البطين ومزرعه دواجن,قصور ال مقبل,دور,سكني,3,19000,140.36
2026,1,الرياض,ابو ركب,ابو ركب,محل,تجاري,1,0,0
2026,1,الرياض,المجمعة,البصيرة,فيلا,سكني,2,50000,60.6
2026,1,الرياض,الرياض,أم الحمام الغربي,فيلا,سكني,24,76078.94,356.01
2026,1,الرياض,رماح,مخطط 144,شقة,سكني,3,15966.66,141.44
2026,1,الرياض,الأحمر,مخطط رقم 946,شقة,سكني,1,18000,90
2026,1,الرياض,ضرما,الريان,شقة,سكني,53,30729.16,220.32
2026,1,الرياض,جلاجل,الملك فهد,شقة,سكني,4,11250,187.5
2026,1,الرياض,الرياض,غرناطة,دوبلاكس,سكني,10,125428.57,590.95
2026,1,الرياض,الرياض,المروة,دوبلاكس,سكني,1,25000,166.66
2026,1,الرياض,الرياض,الرائد,دور,سكني,23,54794.11,249.79
2026,1,الرياض,الرياض,المنصورية,فيلا,سكني,1,50000,200
2026,1,الرياض,شقراء,قرطبة,شقة,سكني,29,12474.21,117.7
2026,1,الرياض,الرياض,الديرة,دور,سكني,14,24427.27,137.29
2026,1,الرياض,الرياض,النخيل,شقة,سكني,710,56566.44,468.65
2026,1,الرياض,الرياض,وادي لبن - طويق,شقة,سكني,22,22727.77,225.31
2026,1,الرياض,الرياض,ظهرة لبن,مكتب,تجاري,143,0,0
2026,1,الرياض,القويعية,أبو سليم,فيلا,سكني,1,24000,38.96
2026,1,الرياض,الدلم,الوادي,محل,تجاري,23,0,0
2026,1,الرياض,حريملاء,الحزم,دور,سكني,16,15272.72,68.58
2026,1,الرياض,الأحمر,ال وقيان,شقة,سكني,1,18000,150
2026,1,الرياض,الرياض,الشفاء,معرض تجاري,تجاري,58,0,0
2026,1,الرياض,الدوادمي,السنبلة,دوبلاكس,سكني,6,11800,48.1
2026,1,الرياض,ثادق,مخطط الاراض البيضاء2,دور,سكني,1,12500,73.52
2026,1,الرياض,الرياض,القري,شقة,سكني,3,19666.66,250.41
2026,1,الرياض,حوطه سدير,الربعة,محل,تجاري,8,0,0
2026,1,الرياض,الرياض,البديعة,دور,سكني,74,26189.47,160.3
2026,1,الرياض,ام ارطاء,ام ارطاء,شقة,سكني,1,18000,60
2026,1,الرياض,عروى,مخطط 908,محل,تجاري,1,0,0
2026,1,الرياض,عفيف,النخيل,شقة,سكني,18,12511.76,88.39
2026,1,الرياض,الرياض,صياح,فيلا,سكني,1,25000,138.88
2026,1,الرياض,المجمعة,الملك سلمان,شقة,سكني,122,12187.5,129.59
2026,1,الرياض,الغاط,الربيع,شقة,سكني,7,12666.66,93
2026,1,الرياض,الرياض,أم الحمام الشرقي,شقة,سكني,636,22605.79,256.86
2026,1,الرياض,الرياض,الحمراء,استديو,سكني,69,21766.53,442.33
2026,1,الرياض,الرياض,الحائر,محل,تجاري,31,0,0
2026,1,الرياض,الخرج,السهباء,فيلا,سكني,1,12000,26.66
2026,1,الرياض,عفيف,الدانة,فيلا,سكني,1,18000,48.64
2026,1,الرياض,الأرطاوية,المصيف,معرض تجاري,تجاري,1,0,0
2026,1,الرياض,الدلم,السلام,معرض تجاري,تجاري,3,0,0
2026,1,الرياض,الحريق - الحريق,نعام,شقة,سكني,1,17000,113.33
2026,1,الرياض,الرياض,إشبيلية,فيلا,سكني,143,164000.93,415.63
2026,1,الرياض,عفيف,الروضة,فيلا,سكني,3,10933.33,36.04
2026,1,الرياض,الرياض,النموذجية,دور,سكني,7,50400,376.73
2026,1,الرياض,السناريه,السناريه,دور,سكني,1,5000,20
2026,1,الرياض,القويعية,1077 مخطط رقم,محل,تجاري,1,0,0
2026,1,الرياض,المزاحمية,الهدا,دور,سكني,16,24571.14,107.93
2026,1,الرياض,مزارع القرنه الجنوبيه,مزارع القرنه الجنوبيه,محل,تجاري,2,0,0
2026,1,الرياض,الخرج,الرفاع,شقة,سكني,5,13599.6,106.59
2026,1,الرياض,الدوادمي,الخليج,فيلا,سكني,1,10000,66.66
2026,1,الرياض,الدوادمي,الريان,شقة,سكني,151,14211.56,94.94
2026,1,الرياض,ثادق,الخالدية,معرض تجاري,تجاري,1,0,0
2026,1,الرياض,الهدار,الهلالي,شقة,سكني,3,10000,55.83
2026,1,الرياض,الرياض,الملك فهد,استديو,سكني,31,26554.93,449.4
2026,1,الرياض,الرياض,الندى,فيلا,سكني,37,99505.53,380.63
2026,1,الرياض,وادي الدواسر,التقنية,استديو,سكني,1,12000,400
2026,1,الرياض,الرياض,الحائر,دور,سكني,45,20400.73,73.68
2026,1,الرياض,القصب,العزيزية,محل,تجاري,2,0,0
2026,1,الرياض,الدوادمي - البجادية,التضامن,شقة,سكني,3,12000,95
2026,1,الرياض,الجلة,مخطط رقم 0832,شقة,سكني,5,14120,118
2026,1,الرياض,عفيف,الروضة,دور,سكني,10,11333.33,54.09
2026,1,الرياض,مشرفة المردمة,مشرفة المردمة,شقة,سكني,1,18000,60
2026,1,الرياض,حوطه بنى تميم,الورود,شقة,سكني,17,10918.07,91.07
2026,1,الرياض,الفويلق,الفويلق,شقة,سكني,2,14520,79.04
2026,1,الرياض,حوطه بنى تميم,المحمدية,استديو,سكني,3,9366.66,99.25
2026,1,الرياض,الدلم,بدر,محل,تجاري,4,0,0
2026,1,الرياض,شقراء,الرحبة,دور,سكني,21,15511.76,96.57
2026,1,الرياض,ارطاوى الحماميد,ارطاوى الحماميد,شقة,سكني,1,18000,180
2026,1,الرياض,الخرج,العالية,معرض تجاري,تجاري,2,0,0
2026,1,الرياض,عنان,عنان,محل,تجاري,2,0,0
2026,1,الرياض,المصارير,المصارير,شقة,سكني,6,16000,81.21
2026,1,الرياض,الدوادمي,الديرة,فيلا,سكني,1,19000,95
2026,1,الرياض,محطة مبارك ال نادر,محطة مبارك ال نادر,محل,تجاري,1,0,0
2026,1,الرياض,المجمعة,اليرموك,محل,تجاري,24,0,0
2026,1,الرياض,الرياض,المعذر الشمالي,شقة,سكني,160,42120.77,398.16
2026,1,الرياض,الخرج,العيون,دور,سكني,13,25781.81,107.98
2026,1,الرياض,حوطه بنى تميم,نتيقة,دور,سكني,1,10000,100
2026,1,الرياض,الرياض,جرير,استديو,سكني,49,19547.58,518.21
2026,1,الرياض,الخرج,البدع,شقة,سكني,28,15063.63,107.93
2026,1,الرياض,الزلفي,علقة,محل,تجاري,1,0,0
2026,1,الرياض,الغاط,الربيع,فيلا,سكني,1,16000,27.82
2026,1,الرياض,القعره,القعره,دور,سكني,1,18000,120
2026,1,الرياض,نفى,العزيزية,شقة,سكني,4,16500,129.33
2026,1,الرياض,الرياض,ظهرة البديعة,فيلا,سكني,32,50659.09,144.48
2026,1,الرياض,فيصلية الشغار,فيصلية الشغار,شقة,سكني,1,6000,61.43
2026,1,الرياض,الغاط,الربيع,دور,سكني,1,14400,72
2026,1,الرياض,الخرج,الملقا,دور,سكني,14,26642.85,118.98
2026,1,الرياض,الرياض,ديراب,فيلا,سكني,20,42070.58,163.26
2026,1,الرياض,وادي الدواسر,آل ناهش,شقة,سكني,6,17200,131.71
2026,1,الرياض,حريملاء,حي ج2,فيلا,سكني,1,8000,62.4
2026,1,الرياض,الأرطاوية,المصيف,شقة,سكني,24,13520,85.86
2026,1,الرياض,حوطه بنى تميم,المنار,محل,تجاري,1,0,0
2026,1,الرياض,الخرج,الضبيعة,شقة,سكني,8,15500,133.83
2026,1,الرياض,الرياض,المحمدية,دوبلاكس,سكني,5,107000,603.2
2026,1,الرياض,الدوادمي,الدرع,استديو,سكني,1,8000,400
2026,1,الرياض,ذعيفان,ذعيفان,شقة,سكني,1,18000,100
2026,1,الرياض,الفواره,الفواره,شقة,سكني,2,18000,77.36
2026,1,الرياض,الرياض,الفاخرية,دور,سكني,32,31269.56,189.52
2026,1,الرياض,عفيف,غرناطة,دور,سكني,38,10620.5,34.99
2026,1,الرياض,الدوادمي,مصدة,شقة,سكني,2,17250,88.42
2026,1,الرياض,الزلفي,العزيزية,معرض تجاري,تجاري,16,0,0
2026,1,الرياض,القويعية - الرويضة,النزهة,شقة,سكني,4,12200,82
2026,1,الرياض,الرياض,الملك سلمان,محل,تجاري,74,0,0
2026,1,الرياض,حلبان,الزهور,دور,سكني,1,7000,35
2026,1,الرياض,عفيف,الحزم,دوبلاكس,سكني,1,10800,46.95
2026,1,الرياض,المجمعة,اليرموك,شقة,سكني,100,10390.19,101.86
2026,1,الرياض,التسرير,التسرير,شقة,سكني,1,12000,60
2026,1,الرياض,كويكب,كويكب,شقة,سكني,1,10000,100
2026,1,الرياض,بخيته,بخيته,شقة,سكني,1,18000,100
2026,1,الرياض,الرياض,الملك عبدالعزيز,مكتب,تجاري,158,0,0
2026,1,الرياض,حوطه سدير,بدر,دور,سكني,24,15815.78,100.53
2026,1,الرياض,الرياض,المربع,مكتب,تجاري,199,0,0
2026,1,الرياض,الرياض,مغرزات,دوبلاكس,سكني,20,58466.66,288.3
2026,1,الرياض,حوطه بنى تميم,الحلة,شقة,سكني,42,10248,81.07
2026,1,الرياض,المجمعة - مصده,مصده,شقة,سكني,11,11709.09,82.12
2026,1,الرياض,الرياض,الرمال,دوبلاكس,سكني,21,41137.5,183.85
2026,1,الرياض,المجمعة,الملك عبدالعزيز,فيلا,سكني,3,23500,63.82
2026,1,الرياض,الرياض,الطريف,محل,تجاري,1,0,0
2026,1,الرياض,مرات,الحزم,شقة,سكني,1,6000,50
2026,1,الرياض,الرياض,العليا,دوبلاكس,سكني,18,104805.29,502.33
2026,1,الرياض,النهتية الجديدة,مخطط آل سلطان,دور,سكني,1,30000,234.15
2026,1,الرياض,المزاحمية,الحزيمية,استديو,سكني,4,17525,701
2026,1,الرياض,الدلم,الديرة,دور,سكني,7,23142.85,68.35
2026,1,الرياض,مرات,العزيزية,دور,سكني,5,9525,39.7
2026,1,الرياض,المجمعة,المرقب,معرض تجاري,تجاري,1,0,0
2026,1,الرياض,الأفلاج,الملك فهد,شقة,سكني,104,10636.1,65.95
2026,1,الرياض,الجمش,مخطط رقم 242,شقة,سكني,1,8000,53.33
2026,1,الرياض,الرياض,أحد,معرض تجاري,تجاري,1,0,0
2026,1,الرياض,الجبيلة,العين,شقة,سكني,27,25100,150.33
2026,1,الرياض,رماح,الخزامى,دور,سكني,8,21375,71.25
2026,1,الرياض,الارطاوي,الارطاوي,دور,سكني,2,13000,55
2026,1,الرياض,مرات,الروابي,شقة,سكني,4,11129.5,96.91
2026,1,الرياض,المجمعة - تمير,الملك عبدالله,مكتب,تجاري,1,0,0
2026,1,الرياض,المزاحمية,غرناطة,دور,سكني,25,21821.05,98.84
2026,1,الرياض,المجمعة,الجامعيين,محل,تجاري,29,0,0
2026,1,الرياض,الرياض,الزهرة,دور,سكني,266,28685.48,128.63
2026,1,الرياض,أشيقر,مخطط رقم 126,شقة,سكني,1,15000,150
2026,1,الرياض,الرياض,بدر,فيلا,سكني,207,40991.91,141.92
2026,1,الرياض,المجمعة,الملك فهد,فيلا,سكني,1,30000,75
2026,1,الرياض,مرات,الدار البيضاء,شقة,سكني,1,6000,45.4
2026,1,الرياض,المدرع,المدرع,شقة,سكني,1,18000,180
2026,1,الرياض,ضرما,البديع الغربي,دور,سكني,12,19650,66.05
2026,1,الرياض,الرياض,الفاخرية,دوبلاكس,سكني,1,14000,109.13
2026,1,الرياض,الرياض,اليرموك,شقة,سكني,4327,29546.17,277.37
2026,1,الرياض,السر,مخطط 144,شقة,سكني,3,11266.66,91.53
2026,1,الرياض,نفى,النهضة,محل,تجاري,5,0,0
2026,1,الرياض,سويدان,سويدان,شقة,سكني,4,15666.66,88.88
2026,1,الرياض,الخرج,مشرف,فيلا,سكني,18,29318.18,81.05
2026,1,الرياض,الرياض,الشرفية,معرض تجاري,تجاري,3,0,0
2026,1,الرياض,الرياض,الجنادرية,مكتب,تجاري,9,0,0
2026,1,الرياض,الرياض,النخيل,دور,سكني,20,84277.77,559.08
2026,1,الرياض,وادي الدواسر,صناعية الشرافا,شقة,سكني,4,18000,125.98
2026,1,الرياض,روضه سدير,المنار,محل,تجاري,1,0,0
2026,1,الرياض,الزلفي,الخليج,شقة,سكني,5,12200,103.04
2026,1,الرياض,شقراء,الوشم,محل,تجاري,6,0,0
2026,1,الرياض,الخرج,غياضة,محل,تجاري,18,0,0
2026,1,الرياض,حوطه سدير,بدر,فيلا,سكني,1,16000,63.11
2026,1,الرياض,شقراء,الشفاء - القارة,محل,تجاري,36,0,0
2026,1,الرياض,الرياض,الجرادية,محل,تجاري,124,0,0
2026,1,الرياض,الحزم والبطينه,الحزم والبطينه,محل,تجاري,5,0,0
2026,1,الرياض,الرياض,الملز,فيلا,سكني,58,57216,138.04
2026,1,الرياض,الرياض,الشميسي,استديو,سكني,38,8420.68,262.6
2026,1,الرياض,الحريق - الحريق,السبيعى,شقة,سكني,3,15533.33,103.55
2026,1,الرياض,الرياض,منفوحة الجديدة,شقة,سكني,1918,13996.72,180.06
2026,1,الرياض,الرياض,ضاحية نمار,استديو,سكني,4,12000,366.66
2026,1,الرياض,آل بريك,حي أم سليم,شقة,سكني,1,18000,90
2026,1,الرياض,الحريق - الحريق,القبالي,محل,تجاري,3,0,0
2026,1,الرياض,الزلفي,الفاروق,فيلا,سكني,1,24000,40
2026,1,الرياض,الجافوره,الجافوره,شقة,سكني,1,18000,150
2026,1,الرياض,الأحمر,ال هشام,شقة,سكني,1,12000,66.66
2026,1,الرياض,القويعية,الخليج,شقة,سكني,48,11958.53,80.46
2026,1,الرياض,حريملاء,حي ج5,شقة,سكني,2,12500,98.33
2026,1,الرياض,الجمش - الشفاء,الشفاء,شقة,سكني,2,17500,175
2026,1,الرياض,الخرج,الملقا,دوبلاكس,سكني,2,40000,154.39
2026,1,الرياض,الرياض,السليمانية,مكتب,تجاري,304,0,0
2026,1,الرياض,الرياض,البشائر,دور,سكني,1,48000,272.72
2026,1,الرياض,ساجر,الرفيعة,شقة,سكني,1,6000,30
2026,1,الرياض,الرياض,جبرة,شقة,سكني,284,15429.4,186.8
2026,1,الرياض,الخرج,العقيق,شقة,سكني,3,15600,114.16
2026,1,الرياض,وادي الدواسر,آل حميضان,شقة,سكني,3,17000,101.66
2026,1,الرياض,الأفلاج,النخيل,دور,سكني,3,21333.33,70
2026,1,الرياض,الزلفي,الربوة,شقة,سكني,26,11455,112.7
2026,1,الرياض,الرياض,الوسيطاء,استديو,سكني,2,16850,720.95
2026,1,الرياض,دراويش,دراويش,شقة,سكني,1,18000,100
2026,1,الرياض,الزلفي,بدر,شقة,سكني,1,14400,112.32
2026,1,الرياض,الزلفي,الروضة,دور,سكني,1,18000,128.57
2026,1,الرياض,الرياض,الخالدية/الدرعية,شقة,سكني,145,22853.18,225.45
2026,1,الرياض,الرياض,عريض,فيلا,سكني,6,46200,129.36
2026,1,الرياض,نفى,الشمالي,شقة,سكني,4,16875,100.72
2026,1,الرياض,الرياض,الدريهمية,مكتب,تجاري,455,0,0
2026,1,الرياض,الرياض,الوسيطاء,محل,تجاري,41,0,0
2026,1,الرياض,الرياض,طويق,فيلا,سكني,265,45419.84,148.48
2026,1,الرياض,الرياض,الياسمين,شقة,سكني,1966,48643.45,390.17
2026,1,الرياض,ضرما,الخالدية,شقة,سكني,11,13566.66,92.55
2026,1,الرياض,حي الشفاوي,حي الشفاوي,شقة,سكني,1,18000,90
2026,1,الرياض,الرياض,الشفاء,فيلا,سكني,48,43424.24,134.94
2026,1,الرياض,الهدار,الإزدهار,شقة,سكني,2,16000,147.5
2026,1,الرياض,الدوادمي,بدر,شقة,سكني,68,12029.2,80.55
2026,1,الرياض,الخرج,الضبيعة,محل,تجاري,2,0,0
2026,1,الرياض,الرياض,الرمال,مكتب,تجاري,71,0,0
2026,1,الرياض,الدلم,الصناعية,محل,تجاري,21,0,0
2026,1,الرياض,الرياض,غبيرا,دور,سكني,44,19043.64,147.76
2026,1,الرياض,الرياض,النهضة,محل,تجاري,367,0,0
2026,1,الرياض,الخرج,العالية,دوبلاكس,سكني,1,17000,85
2026,1,الرياض,الحريق - الحريق,الركية,محل,تجاري,2,0,0
2026,1,الرياض,الرياض,الروابي,دور,سكني,161,42163.63,215.2
2026,1,الرياض,السليل,الديرة,محل,تجاري,33,0,0
2026,1,الرياض,الرياض,الريان,دور,سكني,95,55051.81,285.31
2026,1,الرياض,السر,مخطط الفيضة القديم,محل,تجاري,2,0,0
2026,1,الرياض,نفى,السعادة,شقة,سكني,5,13702,73.33
2026,1,الرياض,الرياض,السويدي,استديو,سكني,64,18305.26,684.24
2026,1,الرياض,الرياض,الحزم,شقة,سكني,1103,21725.52,178.34
2026,1,الرياض,الحريق - الحريق,وسط المدينة,شقة,سكني,1,18000,150
2026,1,الرياض,شقراء,الديرة,شقة,سكني,5,7166.66,101.66
2026,1,الرياض,الحصاة,الياسمين,شقة,سكني,1,18000,180
2026,1,الرياض,الرياض,الفلاح,استديو,سكني,64,26797.95,521.31
2026,1,الرياض,المزاحمية,العليا,محل,تجاري,15,0,0
2026,1,الرياض,حريملاء,الروضة,شقة,سكني,5,15980,148.98
2026,1,الرياض,حوطه سدير,أم عنيق,دور,سكني,3,10000,53.88
2026,1,الرياض,الرياض,خشم العان,شقة,سكني,47,22458.62,128.56
2026,1,الرياض,وادي الدواسر - الناصريه,الناصريه,شقة,سكني,1,12000,80
2026,1,الرياض,المجمعة,البصيرة,استديو,سكني,1,15000,300
2026,1,الرياض,ساجر,الورود,محل,تجاري,1,0,0
2026,1,الرياض,الأرطاوية,الفيحاء,شقة,سكني,5,16200,104.4
2026,1,الرياض,الرياض,البطحاء,محل,تجاري,44,0,0
2026,1,الرياض,الخرج,الورود,دوبلاكس,سكني,8,23208.33,92.22
2026,1,الرياض,المجمعة,الروضة,استديو,سكني,2,12000,200
2026,1,الرياض,الرياض,السدرة,دور,سكني,1,17500,116.66
2026,1,الرياض,القصب,العزيزية,شقة,سكني,3,7000,65.27
2026,1,الرياض,الرياض,الناصرية,فيلا,سكني,5,61750,302.65
2026,1,الرياض,الرياض,عرقة,استديو,سكني,29,24920.6,457.82
2026,1,الرياض,مرات,اليمامة,شقة,سكني,2,16500,153.75
2026,1,الرياض,الرياض,اليرموك,فيلا,سكني,92,70638.55,209.29
2026,1,الرياض,عفيف,القادسية,دور,سكني,5,10500,36.37
2026,1,الرياض,عفيف,ام سرحه,استديو,سكني,1,5420,246.36
2026,1,الرياض,عفيف,الروضة,شقة,سكني,34,11768.18,88.8
2026,1,الرياض,حريملاء,الديرة,دور,سكني,1,9600,96
2026,1,الرياض,الرياض,الفاروق,مكتب,تجاري,29,0,0
2026,1,الرياض,الرياض,شبرا,استديو,سكني,200,19759.82,920.4
2026,1,الرياض,حوطه سدير,الشبيلية2,شقة,سكني,17,12576.92,100.18
2026,1,الرياض,الرياض,المصفاة,معرض تجاري,تجاري,3,0,0
2026,1,الرياض,مزارع السعيره والاوسط,منطقة مفتوحة تابعة لبلدية الحائر,دور,سكني,2,22500,56.25
2026,1,الرياض,ثادق,حي مخطط تنظيم الاراضي الحكوميه الواقعه شرق المخطط المعتمد 152 ببلده رغبه,شقة,سكني,1,18000,72
2026,1,الرياض,الرياض,الرمال,محل,تجاري,523,0,0
2026,1,الرياض,مزارع الحماده,مشاش القصب,شقة,سكني,3,8500,56.78
2026,1,الرياض,حوطه سدير,القادسية,شقة,سكني,28,13369.9,112
2026,1,الرياض,الدوادمي - البجادية,مركز الشرارة,دور,سكني,1,15000,75
2026,1,الرياض,القويعية - الرويضة,النسيم,شقة,سكني,3,11833.33,68.13
2026,1,الرياض,الحريق - الحريق,العقبانى,محل,تجاري,1,0,0
2026,1,الرياض,شقراء,الشفاء - القارة,دور,سكني,24,13666.66,87.2
2026,1,الرياض,الدوادمي,السنبلة,دور,سكني,30,13996,56.32
2026,1,الرياض,المجمعة,الملك عبدالله,مكتب,تجاري,5,0,0
2026,1,الرياض,المزاحمية,الجامعة,دور,سكني,9,31377.77,115.05
2026,1,الرياض,الرياض,الصناعية,شقة,سكني,260,18045.62,200.92
2026,1,الرياض,مشروع مخطط استراحات,مشروع مخطط استراحات,محل,تجاري,1,0,0
2026,1,الرياض,الخرج,الجامعة,محل,تجاري,23,0,0
2026,1,الرياض,الرياض,المونسية,فيلا,سكني,206,125200.58,371.52
2026,1,الرياض,الرياض,بدر,شقة,سكني,2837,20155.21,174.77
2026,1,الرياض,ابو ركب,ابو ركب,شقة,سكني,6,12000,86.91
2026,1,الرياض,الأرطاوية,الفيحاء,دور,سكني,1,15000,117
2026,1,الرياض,الرياض,الربيع,محل,تجاري,48,0,0
2026,1,الرياض,الرياض,المصانع,فيلا,سكني,1,30000,57.14
2026,1,الرياض,الدوادمي,الخالدية,دور,سكني,38,14668.96,55.23
2026,1,الرياض,الدوادمي,العليا,شقة,سكني,12,10754.54,67.27
2026,1,الرياض,عفيف,القادسية,شقة,سكني,28,11731.68,85.06
2026,1,الرياض,مروان,مروان,شقة,سكني,1,18000,60
2026,1,الرياض,وادي الدواسر,القيروان,محل,تجاري,3,0,0
2026,1,الرياض,الرياض,الأندلس,دوبلاكس,سكني,2,62500,178.57
2026,1,الرياض,المزاحمية,العليا,دور,سكني,8,19400,127.44
2026,1,الرياض,المزاحمية,الريف,استديو,سكني,2,20000,250
2026,1,الرياض,الدوادمي,الصناعية,شقة,سكني,2,7800,98
2026,1,الرياض,حوطه بنى تميم,الورود,محل,تجاري,5,0,0
2026,1,الرياض,الرياض,عليشة,استديو,سكني,4,20600,483.11
2026,1,الرياض,الرياض,العوالي,مكتب,تجاري,37,0,0
2026,1,الرياض,الرياض,الملك سلمان,معرض تجاري,تجاري,35,0,0
2026,1,الرياض,الدوادمي - البجادية,برزان,شقة,سكني,1,10000,100
2026,1,الرياض,الهياثم,العسيلة,شقة,سكني,20,14700,125.34
2026,1,الرياض,الرياض,الشرفية,محل,تجاري,53,0,0
2026,1,الرياض,الرياض,السليمانية/الدرعية,فيلا,سكني,35,316347.09,1283.53
2026,1,الرياض,الدلم,الخالدية,دور,سكني,6,18333.33,78.7
2026,1,الرياض,الرياض,المصيف,استديو,سكني,90,25357.03,497.29
2026,1,الرياض,حريملاء,حي ج7,شقة,سكني,5,13200,88.33
2026,1,الرياض,جفن,جفن,شقة,سكني,2,6000,50
2026,1,الرياض,الرياض,منفوحة الجديدة,محل,تجاري,336,0,0
2026,1,الرياض,الرياض,السويدي,محل,تجاري,368,0,0
2026,1,الرياض,الرياض,سدرة,مكتب,تجاري,45,0,0
2026,1,الرياض,شقراء,الجامعة,شقة,سكني,2,15750,85
2026,1,الرياض,الزلفي,السيح,دور,سكني,1,11000,91.66
2026,1,الرياض,الزلفي,الصديق,استديو,سكني,1,8000,160
2026,1,الرياض,الأفلاج,غصيبة,فيلا,سكني,1,18000,40
2026,1,الرياض,مزارع الوسيله,مزارع الوسيله,محل,تجاري,1,0,0
2026,1,الرياض,الرياض,خشم العان,معرض تجاري,تجاري,2,0,0
2026,1,الرياض,شقراء,النخيل,شقة,سكني,1,18000,60
2026,1,الرياض,الرياض,الغنامية,محل,تجاري,22,0,0
2026,1,الرياض,الرياض,الشفاء,محل,تجاري,393,0,0
2026,1,الرياض,الرياض,لبن,دوبلاكس,سكني,6,72250,196.39
2026,1,الرياض,الحفاير (بن العمياء)  والمجمعة,الحفاير (بن العمياء)  والمجمعة,شقة,سكني,1,16000,160
2026,1,الرياض,عفيف,الورود,شقة,سكني,8,14625,68.45
2026,1,الرياض,الرياض,منفوحة الجديدة,دور,سكني,148,20899.33,176.31
2026,1,الرياض,القويعية,الجزيرة,شقة,سكني,23,14333.33,97.39
2026,1,الرياض,القصب,النزهة,استديو,سكني,2,6500,57.91
2026,1,الرياض,المجمعة,الأمير نايف,دور,سكني,3,21666.66,106.67
2026,1,الرياض,الرياض,السليمانية/الدرعية,شقة,سكني,126,160352.14,1708.2
2026,1,الرياض,الرياض,العارض,فيلا,سكني,486,231850.94,785.57
2026,1,الرياض,المزاحمية,الغطغط,استديو,سكني,1,6000,100
2026,1,الرياض,الرياض,القيروان,شقة,سكني,1073,52948.77,422.89
2026,1,الرياض,القصب,النهضة,دور,سكني,1,10000,55.55
2026,1,الرياض,الغاط,الربيع,محل,تجاري,1,0,0
2026,1,الرياض,الرياض,المصانع,دور,سكني,9,23000,122.77
2026,1,الرياض,الرياض,الفيصلية,دور,سكني,6,27099.8,157.13
2026,1,الرياض,حوطه بنى تميم,السلام,استديو,سكني,6,9750,121.87
2026,1,الرياض,رماح,النزهة,شقة,سكني,4,18000,100.5
2026,1,الرياض,الرياض,الإزدهار,شقة,سكني,1116,41817.11,386.8
2026,1,الرياض,القويعية,الجزيرة,دور,سكني,20,12782.35,57.42
2026,1,الرياض,الجبيلة,هجرة بوضة,محل,تجاري,1,0,0
2026,1,الرياض,الدلم,السليمانية,محل,تجاري,19,0,0
2026,1,الرياض,الرياض,القدس,شقة,سكني,883,35277.64,314.09
2026,1,الرياض,الرياض,الحمراء,شقة,سكني,1130,32986.55,285.8
2026,1,الرياض,القويعية,مخطط رقم 995,دور,سكني,11,13050,70.26
2026,1,الرياض,الرياض,الفيحاء,فيلا,سكني,28,71391.3,276.79
2026,1,الرياض,الغاط,الغدير,شقة,سكني,2,9500,135.71
2026,1,الرياض,الخرج,الورود,فيلا,سكني,13,32111.11,101.59
2026,1,الرياض,الرياض,حطين,معرض تجاري,تجاري,104,0,0
2026,1,الرياض,وادي الدواسر,النزهة,شقة,سكني,16,19492.3,118.25
2026,1,الرياض,الدوادمي - البجادية,صحارى,شقة,سكني,8,6333.33,46.21
2026,1,الرياض,الزلفي,الفيصلية,محل,تجاري,7,0,0
2026,1,الرياض,الرياض,المصانع,شقة,سكني,348,18391.32,221.4
2026,1,الرياض,الرياض,الضباط,استديو,سكني,118,23310,699.21
2026,1,الرياض,القويعية - الرويضة,الشفاء,دور,سكني,1,7000,46.66
2026,1,الرياض,المجمعة,الصناعية الأولى,شقة,سكني,1,18000,180
2026,1,الرياض,هجره السدريه,هجره السدريه,دور,سكني,1,6000,46.8
2026,1,الرياض,مزرعه بن صالح الجديده,مزرعه بن صالح الجديده,شقة,سكني,2,18000,100
2026,1,الرياض,الرياض,الفيصلية/الدرعية,دور,سكني,65,34175.92,201.5
2026,1,الرياض,الرياض,العقيق,محل,تجاري,200,0,0
2026,1,الرياض,المزاحمية,المحمدية,شقة,سكني,1,18000,60
2026,1,الرياض,المجمعة,الرفيعة,دور,سكني,3,12333.33,58.1
2026,1,الرياض,الرياض,الفاروق,فيلا,سكني,8,70333.33,226.67
2026,1,الرياض,المجمعة,الأندلس,شقة,سكني,165,13049.53,110.39
2026,1,الرياض,المزاحمية,الورود,فيلا,سكني,1,38000,126.66
2026,1,الرياض,الرياض,العاصمة,فيلا,سكني,27,175863.95,623
2026,1,الرياض,الرياض,جبرة,دور,سكني,5,26600,201.72
2026,1,الرياض,شقراء,الجامعة,محل,تجاري,1,0,0
2026,1,الرياض,الدوادمي,الفيصلية,دوبلاكس,سكني,4,13750,104.43
2026,1,الرياض,رماح,الخزامى,استديو,سكني,1,11000,157.14
2026,1,الرياض,السيح الجنوبي,السيح الجنوبي,شقة,سكني,2,11500,66.66
2026,1,الرياض,شقراء,القارة,فيلا,سكني,1,20000,40
2026,1,الرياض,حوطه سدير,المروج,محل,تجاري,6,0,0
2026,1,الرياض,الزلفي,المنار,دور,سكني,2,16000,80
2026,1,الرياض,ثادق,الخالدية,دور,سكني,2,9500,55.83
2026,1,الرياض,الحصاة,السلام,شقة,سكني,2,18000,130.9
2026,1,الرياض,الرياض,الرائد,دوبلاكس,سكني,4,70375,371.14
2026,1,الرياض,الدوادمي,الخالدية,محل,تجاري,39,0,0
2026,1,الرياض,مزارع جنوب غرب اوسيله(ومحطة بتروليلى),مزارع جنوب غرب اوسيله(ومحطة بتروليلى),محل,تجاري,4,0,0
2026,1,الرياض,الرياض,الفوطة,دور,سكني,8,33687.5,188.59
2026,1,الرياض,الدلم,الفيصلية,دور,سكني,2,12000,51.5
2026,1,الرياض,الزلفي,العزيزية,محل,تجاري,92,0,0
2026,1,الرياض,هجرة الزهوه والبيان,الرياض,فيلا,سكني,6,54520,210.78
2026,1,الرياض,الرياض,الحمراء,فيلا,سكني,23,108625,302.94
2026,1,الرياض,عفيف,غرناطة,محل,تجاري,2,0,0
2026,1,الرياض,عشيرة سدير,عشيرة سدير,شقة,سكني,14,15000,148.6
2026,1,الرياض,الرياض,الملقا,دور,سكني,123,67878.08,323.44
2026,1,الرياض,الرياض,الفيصلية/الدرعية,شقة,سكني,249,24814.53,239.13
2026,1,الرياض,الخرج,السلام,استديو,سكني,156,16421.42,333.12
2026,1,الرياض,عفيف - الحماده,الحماده,دور,سكني,1,20000,66.66
2026,1,الرياض,الرياض,قرطبة,فيلا,سكني,275,233564.97,1023.14
2026,1,الرياض,المزاحمية,غرناطة,استديو,سكني,24,10650,323.95
2026,1,الرياض,الخرج,الورود,محل,تجاري,101,0,0
2026,1,الرياض,الرياض,العريجاء الغربي,مكتب,تجاري,34,0,0
2026,1,الرياض,عفيف,إشبيلية,شقة,سكني,44,11291.42,75.68
2026,1,الرياض,الرياض,الثليما,فيلا,سكني,3,190166.66,785.45
2026,1,الرياض,وادي الدواسر,المقابل,شقة,سكني,26,16857.14,116.82
2026,1,الرياض,الفرع,الفرع,شقة,سكني,1,18000,100
2026,1,الرياض,وادي الدواسر,الشرافا,شقة,سكني,32,15800.44,112.44
2026,1,الرياض,وادي الدواسر,الخماسين الجنوبي,شقة,سكني,142,13426.89,104.8
2026,1,الرياض,المجمعة,الملك عبدالله,فيلا,سكني,2,14000,27.74
2026,1,الرياض,الرياض,الندى,دور,سكني,77,64825.25,299.64
2026,1,الرياض,الرياض,القدس,دور,سكني,81,55699.2,280.56
2026,1,الرياض,الرياض,جرير,دور,سكني,97,43081.73,256.39
2026,1,الرياض,الزلفي,الخزامى,دور,سكني,1,18000,60
2026,1,الرياض,الأفلاج,الصالحية,دور,سكني,5,8500,37.71
2026,1,الرياض,النظيم ومزارعه,النظيم ومزارعه,محل,تجاري,7,0,0
2026,1,الرياض,الرياض,الصالحية,استديو,سكني,55,11025.75,462.8
2026,1,الرياض,الرياض,لبن,دور,سكني,43,41594.11,206.16
2026,1,الرياض,وادي الدواسر,صناعية الشرافا,محل,تجاري,1,0,0
2026,1,الرياض,رماح,الزهور,محل,تجاري,2,0,0
2026,1,الرياض,الهياثم,الديرة,شقة,سكني,25,15389.47,145.77
2026,1,الرياض,محطة بن صقر ودواجن العريفي ومزرعة الدعيلج,محطة بن صقر ودواجن العريفي ومزرعة الدعيلج,محل,تجاري,1,0,0
2026,1,الرياض,محطه ساسكو,محطه ساسكو,محل,تجاري,1,0,0
2026,1,الرياض,الرياض,شبرا,محل,تجاري,192,0,0
2026,1,الرياض,شقراء,الوشم,دور,سكني,6,13000,58.41
2026,1,الرياض,الرياض,العريجاء الغربي,محل,تجاري,406,0,0
2026,1,الرياض,الرياض,الديرة,معرض تجاري,تجاري,42,0,0
2026,1,الرياض,المزاحمية,غرناطة,فيلا,سكني,1,23000,135.29
2026,1,الرياض,الرياض,المرقب,محل,تجاري,431,0,0
2026,1,الرياض,حوطه سدير,القادسية,استديو,سكني,2,9000,112.5
2026,1,الرياض,الدلم,الخالدية,شقة,سكني,32,12440,75.13
2026,1,الرياض,الرياض,العاصمة,دور,سكني,37,46120.68,217.92
2026,1,الرياض,الرياض,التعاون,مكتب,تجاري,155,0,0
2026,1,الرياض,عشيرة سدير,عشيرة سدير,فيلا,سكني,1,22000,49.59
2026,1,الرياض,الرياض,الخليج,دوبلاكس,سكني,1,70000,437.99
2026,1,الرياض,الدلم,الإزدهار,معرض تجاري,تجاري,2,0,0
2026,1,الرياض,الدوادمي - البجادية,الزعيبة,دور,سكني,1,6000,30
2026,1,الرياض,الرياض,المونسية,استديو,سكني,320,32096.05,534.93
2026,1,الرياض,حوطه بنى تميم,المحمدية,محل,تجاري,11,0,0
2026,1,الرياض,الرياض,المشرق,فيلا,سكني,1,50000,250
2026,1,الرياض,الحيدالقديم والجديد,الحيد,دور,سكني,1,6000,40
2026,1,الرياض,عفيف,الجزيرة,دور,سكني,5,10240,47.02
2026,1,الرياض,المزاحمية,نوارة,معرض تجاري,تجاري,2,0,0
2026,1,الرياض,الدلم,النخيل,دور,سكني,1,10000,28.57
2026,1,الرياض,الحوميات,الحوميات,محل,تجاري,33,0,0
2026,1,الرياض,المجمعة,الإسكان,دور,سكني,22,24084.21,90.93
2026,1,الرياض,المجمعة,الملك سلمان,محل,تجاري,5,0,0
2026,1,الرياض,الخروعيه القديمه,الخروعيه القديمه,شقة,سكني,1,14400,160
2026,1,الرياض,الرياض,المرقب,مكتب,تجاري,58,0,0
2026,1,الرياض,الخرج,الملقا,شقة,سكني,111,18721.31,140.47
2026,1,الرياض,الرياض,أحد,شقة,سكني,285,21467.58,182.63
2026,1,الرياض,الزلفي,العزيزية,دور,سكني,7,12333.33,87.05
2026,1,الرياض,فيضة غثاه,فيضة غثاه,شقة,سكني,1,18000,60
2026,1,الرياض,الغزيز,الغزيز,محل,تجاري,1,0,0
2026,1,الرياض,الرياض,الخالدية,مكتب,تجاري,18,0,0
2026,1,الرياض,حريملاء,الحزم,محل,تجاري,10,0,0
2026,1,الرياض,الرياض,المصيف,معرض تجاري,تجاري,30,0,0
2026,1,الرياض,الزلفي,السيح,شقة,سكني,22,11576.92,103.72
2026,1,الرياض,المزاحمية,نوارة,محل,تجاري,38,0,0
2026,1,الرياض,الدوادمي,العزيزية,شقة,سكني,58,11173.97,78.1
2026,1,الرياض,وادي الدواسر,التقنية,شقة,سكني,3,18000,119.21
2026,1,الرياض,الرياض,الخزامى,فيلا,سكني,117,156720,448.29
2026,1,الرياض,الرياض,طويق,شقة,سكني,4975,23338.08,191.52
2026,1,الرياض,شقراء,الروابي,فيلا,سكني,3,32500,113.78
2026,1,الرياض,الزلفي,العزيزية,شقة,سكني,83,10659.37,109.35
2026,1,الرياض,رماح - الحفنه,الحفنه,شقة,سكني,1,18000,100
2026,1,الرياض,عفيف,الغدير,شقة,سكني,23,9775,64.43
2026,1,الرياض,الخرج,الجامعة,معرض تجاري,تجاري,12,0,0
2026,1,الرياض,الدوادمي,حطين,دور,سكني,13,14445.45,47.09
2026,1,الرياض,المجمعة,المطار,استديو,سكني,5,16650,579
2026,1,الرياض,الرياض,الجنادرية,شقة,سكني,1440,25865.93,229.09
2026,1,الرياض,الحريق - الحريق,المدينة الجديدة,فيلا,سكني,1,20000,56.49
2026,1,الرياض,الرياض,الهدا,مكتب,تجاري,3,0,0
2026,1,الرياض,الرياض,الفيحاء,استديو,سكني,32,18907.4,516.77
2026,1,الرياض,القويعية,السلام,شقة,سكني,1,24000,80
2026,1,الرياض,صبحاء,صبحاء,شقة,سكني,2,18000,116.12
2026,1,الرياض,الرياض,المنصورة,فيلا,سكني,33,39885.71,148.91
2026,1,الرياض,الرياض,الفيحاء,معرض تجاري,تجاري,8,0,0
2026,1,الرياض,عفيف,الورود,دور,سكني,24,11076.47,36.11
2026,1,الرياض,الخرج,الورود,مكتب,تجاري,7,0,0
2026,1,الرياض,الخرج,الضبيعة,دور,سكني,1,10000,33.33
2026,1,الرياض,الرياض,اليرموك,معرض تجاري,تجاري,31,0,0
2026,1,الرياض,المجمعة,الأندلس,معرض تجاري,تجاري,8,0,0
2026,1,الرياض,عفيف,الضباب,دور,سكني,7,8666.66,39.93
2026,1,الرياض,الخرج,الجامعة,فيلا,سكني,9,31857.71,113.53
2026,1,الرياض,الرياض,الفرسان,محل,تجاري,4,0,0
2026,1,الرياض,الرياض,الأندلس,استديو,سكني,23,23350,392.65
2026,1,الرياض,ضرما,العزيزية,دور,سكني,4,11000,30.46
2026,1,الرياض,المجمعة - تمير,الخالدية,شقة,سكني,22,11494.11,89.56
2026,1,الرياض,الخرج,نعجان,شقة,سكني,1,12000,120
2026,1,الرياض,ثادق,الجنادرية,شقة,سكني,7,7071.42,66.37
2026,1,الرياض,سدوس,سدوس,دور,سكني,1,5000,39
2026,1,الرياض,شقراء,النخيل,دور,سكني,2,14500,103.76
2026,1,الرياض,الرياض,السليمانية,شقة,سكني,2453,39595.8,393.21
2026,1,الرياض,نفى,الشفاء,شقة,سكني,3,16000,78.63
2026,1,الرياض,الرين,الفتح,شقة,سكني,3,10333.33,55.66
2026,1,الرياض,الرياض,المهدية,دور,سكني,79,47695.16,194.16
2026,1,الرياض,الرياض,منفوحة,شقة,سكني,1447,13696.04,152.65
2026,1,الرياض,الدلم,الديرة,محل,تجاري,12,0,0
2026,1,الرياض,جنوب مخطط الخماسين الزراعي,جنوب مخطط الخماسين الزراعي,شقة,سكني,6,13300,111.48
2026,1,الرياض,ساجر,النخيل,محل,تجاري,45,0,0
2026,1,الرياض,الرياض,الملك عبدالعزيز,استديو,سكني,30,21700,444.69
2026,1,الرياض,ارطاوى الرقاص,ارطاوى الرقاص,دور,سكني,1,6000,20
2026,1,الرياض,الخرج,الملقا,فيلا,سكني,20,34857.14,118.59
2026,1,الرياض,رماح,حي مخطط  الاراضي الحكوميه,محل,تجاري,1,0,0
2026,1,الرياض,الرياض,صياح,محل,تجاري,101,0,0
2026,1,الرياض,الرياض,الربوة,دور,سكني,167,45172.37,234.94
2026,1,الرياض,الرياض,سمحان,محل,تجاري,6,0,0
2026,1,الرياض,الرياض,القدس,فيلا,سكني,22,113533.33,243.9
2026,1,الرياض,رماح,حي مخطط  الاراضي الحكوميه,شقة,سكني,6,13583.33,83.03
2026,1,الرياض,رماح,الياسمين,دور,سكني,2,29000,89.23
2026,1,الرياض,الخرج,الخالدية,شقة,سكني,576,14161.35,102.55
2026,1,الرياض,الرياض,الفاروق,دوبلاكس,سكني,1,40000,200
2026,1,الرياض,حوطه بنى تميم,الحلة,دور,سكني,5,8600,60.67
2026,1,الرياض,حريملاء,حي ج11,محل,تجاري,1,0,0
2026,1,الرياض,الجبيلة,العدل,دور,سكني,2,21500,178.66
2026,1,الرياض,الرياض,طويق,معرض تجاري,تجاري,133,0,0
2026,1,الرياض,الرياض,القادسية,محل,تجاري,237,0,0
2026,1,الرياض,الرياض,جامعة الإمام محمد بن سعود الإسلامية,مكتب,تجاري,6,0,0
2026,1,الرياض,مرات,1النخيل,شقة,سكني,2,15600,102.06
2026,1,الرياض,الرياض,الصحافة,دوبلاكس,سكني,12,109444.44,600.47
2026,1,الرياض,الرياض,أم سليم,دوبلاكس,سكني,1,15000,117
2026,1,الرياض,الرياض,العزيزية,دور,سكني,609,30911.12,157.02
2026,1,الرياض,القويعية - الرويضة,الملك عبدالعزيز,شقة,سكني,19,13053.33,101.79
2026,1,الرياض,الزلفي,المنار,شقة,سكني,5,12200,72.39
2026,1,الرياض,المجمعة,الياسمين,شقة,سكني,4,13066.66,101.03
2026,1,الرياض,حريملاء,حي ج3,محل,تجاري,6,0,0
2026,1,الرياض,الرياض,الربوة,دوبلاكس,سكني,13,69607.91,273.12
2026,1,الرياض,شقراء,القارة,محل,تجاري,14,0,0
2026,1,الرياض,شقراء,النزهة,شقة,سكني,29,10681.81,102.57
2026,1,الرياض,الأحمر,الحزم,شقة,سكني,1,35000,140
2026,1,الرياض,الرياض,سدرة,محل,تجاري,23,0,0
2026,1,الرياض,ضرما,الريان,دور,سكني,13,27333.33,94.52
2026,1,الرياض,حوطه سدير,النهضة,محل,تجاري,3,0,0
2026,1,الرياض,حوطه بنى تميم,المحمدية,شقة,سكني,12,10336.36,91.4
2026,1,الرياض,عريفجان,عريفجان,شقة,سكني,3,13166.66,113.88
2026,1,الرياض,الأفلاج,اليمامة,محل,تجاري,7,0,0
2026,1,الرياض,عفيف,إشبيلية,دور,سكني,7,11500,66.3
2026,1,الرياض,المجمعة - تمير,الملك فهد,شقة,سكني,2,12000,106.25
2026,1,الرياض,الدوادمي,حطين,شقة,سكني,93,12067.02,109.38
2026,1,الرياض,الخرج,اليمامة,معرض تجاري,تجاري,2,0,0
2026,1,الرياض,الغاط,البستان,محل,تجاري,2,0,0
2026,1,الرياض,الرياض,المدينة الصناعية الجديدة,دور,سكني,22,49692.15,226.53
2026,1,الرياض,الرياض,السليمانية,دوبلاكس,سكني,24,92725,366.9
2026,1,الرياض,حوطه سدير,عوده سدير,شقة,سكني,3,8166.66,78.75
2026,1,الرياض,الرياض,السويدي الغربي,دوبلاكس,سكني,1,58000,193.33
2026,1,الرياض,الرياض,قرطبة,دوبلاكس,سكني,27,63166.6,325.4
2026,1,الرياض,الجبيلة,الأمير سلطان,دور,سكني,1,40000,400
2026,1,الرياض,الدوادمي,الصناعية,معرض تجاري,تجاري,1,0,0
2026,1,الرياض,البحره,البحره,شقة,سكني,1,18000,60
2026,1,الرياض,الخرج,السهباء,دور,سكني,2,12000,45
2026,1,الرياض,الدلم,الخالدية,فيلا,سكني,1,30000,90.9
2026,1,الرياض,الخرج,العقيق,محل,تجاري,20,0,0
2026,1,الرياض,الرياض,الصناعية,معرض تجاري,تجاري,107,0,0
2026,1,الرياض,الرياض,ضاحية نمار,مكتب,تجاري,3,0,0
2026,1,الرياض,صبحاء القرنه,صبحاء القرنه,شقة,سكني,1,18000,200
2026,1,الرياض,مرات,الملك سلمان,شقة,سكني,3,9666.66,87.5
2026,1,الرياض,الرين,نجد,دور,سكني,6,15200,65.73
2026,1,الرياض,الخرج,السيح,استديو,سكني,30,9547.82,218.78
2026,1,الرياض,الرين,الهفوف,شقة,سكني,2,18000,81
2026,1,الرياض,الرياض,الملز,محل,تجاري,326,0,0
2026,1,الرياض,حريملاء,القرينة القديمة,دور,سكني,1,22000,220
2026,1,الرياض,الرياض,الروضة,دور,سكني,177,46457.37,224.97
2026,1,الرياض,الرياض,المنصورية,شقة,سكني,33,20276.66,183.08
2026,1,الرياض,الرياض,اليمامة,مكتب,تجاري,1,0,0
2026,1,الرياض,الارطاوي,الارطاوي,شقة,سكني,4,10333.33,99.48
2026,1,الرياض,المجمعة,المنتزة,شقة,سكني,1,18000,60
2026,1,الرياض,الزلفي,عريعرة,دور,سكني,4,15450,99.28
2026,1,الرياض,ساجر,النهضة,محل,تجاري,37,0,0
2026,1,الرياض,الرياض,المؤتمرات,معرض تجاري,تجاري,2,0,0
2026,1,الرياض,الرياض,الدار البيضاء,استديو,سكني,160,17187.77,509.2
2026,1,الرياض,المزاحمية,المروج,استديو,سكني,1,30000,600
2026,1,الرياض,الرياض,الرائد,محل,تجاري,38,0,0
2026,1,الرياض,الرياض,الزاهر,محل,تجاري,2,0,0
2026,1,الرياض,الرياض,النور,معرض تجاري,تجاري,22,0,0
2026,1,الرياض,مزارع غرب وشرق عسيله,مزارع غرب وشرق عسيله,شقة,سكني,12,13125,107.52
2026,1,الرياض,رماح,النرجس,شقة,سكني,12,10888.88,107.5
2026,1,الرياض,العبل,العبل,شقة,سكني,2,7000,100
2026,1,الرياض,الرياض,المعذر,مكتب,تجاري,1,0,0
2026,1,الرياض,الدوادمي,الملك فهد,محل,تجاري,23,0,0
2026,1,الرياض,الخرج,فرزان,استديو,سكني,1,12700,254
2026,1,الرياض,وادي الدواسر,النويعمة,محل,تجاري,28,0,0
2026,1,الرياض,حوطه سدير,العزيزية,شقة,سكني,3,11333.33,75
2026,1,الرياض,الرياض,المعيزيلة,فيلا,سكني,36,79838.07,241.08
2026,1,الرياض,الرياض,الربيع,مكتب,تجاري,114,0,0
2026,1,الرياض,الدوادمي,النهضة,فيلا,سكني,4,33000,53.79
2026,1,الرياض,الرياض,مطار الملك خالد الدولي,مكتب,تجاري,10,0,0
2026,1,الرياض,حوطه سدير,الحلة الطالعية,فيلا,سكني,2,35000,233.33
2026,1,الرياض,الدلم,الديرة,فيلا,سكني,1,7200,56.19
2026,1,الرياض,عفيف,الشلال,شقة,سكني,19,12607.69,82.68
2026,1,الرياض,وادي الدواسر,الصالحية,مكتب,تجاري,1,0,0
2026,1,الرياض,القويعية - الرويضة,الشفاء,محل,تجاري,11,0,0
2026,1,الرياض,الهياثم,مشرفة,استديو,سكني,7,18960,313.84
2026,1,الرياض,مرات,مانح,دور,سكني,3,16900,52.43
2026,1,الرياض,الرياض,الإسكان,فيلا,سكني,22,37000,108.32
2026,1,الرياض,الرياض,الخالدية,شقة,سكني,995,19792.32,181.52
2026,1,الرياض,الرياض,الرماية,دور,سكني,1,54000,189.63
2026,1,الرياض,حوطه سدير,الجنيفى,شقة,سكني,9,10187.5,91.38
2026,1,الرياض,شقراء,الورود,دور,سكني,21,15312.5,92.63
2026,1,الرياض,ثادق,الفيصلية,محل,تجاري,2,0,0
2026,1,الرياض,عفيف,الضباب,شقة,سكني,27,13038.88,89.16
2026,1,الرياض,الرياض,الدريهمية,فيلا,سكني,12,52222.22,201.43
2026,1,الرياض,الرياض,اليمامة,استديو,سكني,86,12318.18,496.24
2026,1,الرياض,الرياض,البديعة,محل,تجاري,111,0,0
2026,1,الرياض,شقراء,القارة,شقة,سكني,47,10537.62,101.61
2026,1,الرياض,الجلة,مخطط رقم 0824,شقة,سكني,3,12333.33,82.87
2026,1,الرياض,القويعية,أبو سليم,شقة,سكني,37,13978.18,99.35
2026,1,الرياض,القويعية - الرويضة,المصيف,شقة,سكني,1,12000,60
2026,1,الرياض,الرياض,الخير,محل,تجاري,79,0,0
2026,1,الرياض,المجمعة,الملك عبدالعزيز,مكتب,تجاري,7,0,0
2026,1,الرياض,الرياض,الوسيطاء,دور,سكني,2,19000,112.5
2026,1,الرياض,المجمعة,الأمير نايف,فيلا,سكني,3,22666.66,79.33
2026,1,الرياض,وادي الدواسر,آل معني,شقة,سكني,1,18000,116.12
2026,1,الرياض,وادي الدواسر,نزوى,شقة,سكني,16,16714.28,95.62
2026,1,الرياض,الرياض,الربيع,شقة,سكني,897,48319.18,365.75
2026,1,الرياض,القويعية - الرويضة,الملك عبدالله,شقة,سكني,2,10000,100
2026,1,الرياض,استراحه ومزارع فيحاء العتش,استراحه ومزارع فيحاء العتش,محل,تجاري,5,0,0
2026,1,الرياض,حوطه سدير,الشفاء,مكتب,تجاري,2,0,0
2026,1,الرياض,أوثيلان,أوثيلان,محل,تجاري,14,0,0
2026,1,الرياض,المجمعة,الملك فهد,محل,تجاري,39,0,0
2026,1,الرياض,الدوادمي,الريان,محل,تجاري,26,0,0
2026,1,الرياض,الرياض,الوشام,مكتب,تجاري,20,0,0
2026,1,الرياض,الخرج,الملقا,مكتب,تجاري,1,0,0
2026,1,الرياض,الرياض,اليرموك,استديو,سكني,210,21313.73,483.59
2026,1,الرياض,الأفلاج,الأندلس,شقة,سكني,8,12000,150
2026,1,الرياض,المجمعة,المرقب,محل,تجاري,78,0,0
2026,1,الرياض,الزلفي,مرخ,دور,سكني,1,15000,100
2026,1,الرياض,الرياض,جبرة,فيلا,سكني,1,30000,173.41
2026,1,الرياض,عفيف,الربوة,فيلا,سكني,3,13800,62.38
2026,1,الرياض,الرياض,الملك فيصل,دور,سكني,138,41935.96,199.55
2026,1,الرياض,الرياض,الندوة,محل,تجاري,149,0,0
2026,1,الرياض,شقراء,الروابي,شقة,سكني,10,10500,100.55
2026,1,الرياض,المزاحمية,وسيلة,شقة,سكني,14,15772.72,96.1
2026,1,الرياض,المزاحمية,العليا,مكتب,تجاري,1,0,0
2026,1,الرياض,الخرج,الجامعة,استديو,سكني,1,20000,666.66
2026,1,الرياض,ثادق,الوادي,دور,سكني,1,12000,60
2026,1,الرياض,القويعية,العواش,معرض تجاري,تجاري,1,0,0
2026,1,الرياض,الرياض,الفاروق,معرض تجاري,تجاري,43,0,0
2026,1,الرياض,مرات,كميت,دور,سكني,4,12281.25,36.64
2026,1,الرياض,الرياض,المربع,معرض تجاري,تجاري,65,0,0
2026,1,الرياض,الدوادمي,طيبة,محل,تجاري,8,0,0
2026,1,الرياض,عفيف,القادسية,محل,تجاري,13,0,0
2026,1,الرياض,العفج,العفج,شقة,سكني,3,9333.33,75.55
2026,1,الرياض,الرياض,الرمال,دور,سكني,301,47194.78,207.41
2026,1,الرياض,القويعية,منطقة استراحات حمد الجبرين,فيلا,سكني,1,90000,120
2026,1,الرياض,القويعية,الخليج,فيلا,سكني,1,15000,26.08
2026,1,الرياض,حوطه بنى تميم,السعودية,دور,سكني,1,18000,60
2026,1,الرياض,القويعية - الرويضة,الملك عبدالله,محل,تجاري,2,0,0
2026,1,الرياض,الأفلاج,التوباد,محل,تجاري,53,0,0
2026,1,الرياض,الرياض,الزهراء,فيلا,سكني,27,74163.63,281.16
2026,1,الرياض,شقراء,الرحبة,شقة,سكني,49,9546.87,109.46
2026,1,الرياض,وادي الدواسر,الخالدية,شقة,سكني,6,13750,60
2026,1,الرياض,المجمعة,المستقبل,فيلا,سكني,4,34000,76.76
2026,1,الرياض,الرياض,الناصرية,محل,تجاري,11,0,0
2026,1,الرياض,مرات,بهدي,شقة,سكني,1,6000,60
2026,1,الرياض,الرياض,لبن,مكتب,تجاري,27,0,0
2026,1,الرياض,الرياض,ظهرة البديعة,محل,تجاري,171,0,0
2026,1,الرياض,حوطه بنى تميم,نجد,استديو,سكني,2,8250,103.12
2026,1,الرياض,وادي الدواسر,العقيق,استديو,سكني,1,30000,600
2026,1,الرياض,ضرما,البديع الغربي,دوبلاكس,سكني,1,25000,125
2026,1,الرياض,الرياض,المربع,محل,تجاري,178,0,0
2026,1,الرياض,أشيقر,مخطط رقم725,شقة,سكني,13,10818.18,75.33
2026,1,الرياض,الرياض,الندى,مكتب,تجاري,35,0,0
2026,1,الرياض,رماح,الواحة,شقة,سكني,23,10736.84,77.39
2026,1,الرياض,زعفرانه,زعفرانه,شقة,سكني,1,8400,56
2026,1,الرياض,الرياض,السويدي الغربي,استديو,سكني,30,18990.47,464.29
2026,1,الرياض,لبخة,الدانة,شقة,سكني,1,18000,113.92
2026,1,الرياض,الرياض,الملك فهد,شقة,سكني,507,35999.56,345.85
2026,1,الرياض,المزاحمية,شخيب,شقة,سكني,12,33999.91,221.32
2026,1,الرياض,الرياض,السليمانية,فيلا,سكني,203,109370.02,401.08
2026,1,الرياض,مزارع السكران الشرقيه,مزارع السمحان وام برج,مكتب,تجاري,1,0,0
2026,1,الرياض,ساجر,الأندلس,شقة,سكني,33,10343.91,84.16
2026,1,الرياض,الجلة,تبراك,شقة,سكني,1,24000,120
2026,1,الرياض,الرياض,البرية,محل,تجاري,5,0,0
2026,1,الرياض,الرياض,العريجاء,مكتب,تجاري,1,0,0
2026,1,الرياض,السليل,الشفاء,شقة,سكني,165,12268.53,83.97
2026,1,الرياض,الرياض,هجرة سمحه,محل,تجاري,6,0,0
2026,1,الرياض,الرياض,حي_001022088,شقة,سكني,2,38000,331.16
2026,1,الرياض,الدلم,الوادي,استديو,سكني,1,12000,200
2026,1,الرياض,مرات,الخالدية,دور,سكني,4,16000,70
2026,1,الرياض,فيضة بن سعيدان,فيضة بن سعيدان,شقة,سكني,2,15000,95
2026,1,الرياض,مرات,الحزم,دور,سكني,8,12137.5,48.55
2026,1,الرياض,دارة كف,دارة كف,شقة,سكني,1,15000,117.07
2026,1,الرياض,السليل,الزهراء,شقة,سكني,3,12000,90
2026,1,الرياض,حوطه سدير,القادسية,محل,تجاري,17,0,0
2026,1,الرياض,الخرج,الفيصلية,معرض تجاري,تجاري,3,0,0
2026,1,الرياض,الرياض,الغنامية,مكتب,تجاري,1,0,0
2026,1,الرياض,الرياض,السعادة,شقة,سكني,2022,26123.36,237.9
2026,1,الرياض,الرياض,الهدا,محل,تجاري,43,0,0
2026,1,الرياض,الدوادمي,قرطبة,شقة,سكني,5,7500,61.28
2026,1,الرياض,حوطه سدير,الجنيفى,استديو,سكني,4,9250,89.61
2026,1,الرياض,الرياض,السويدي الغربي,معرض تجاري,تجاري,25,0,0
2026,1,الرياض,خف,خف,شقة,سكني,2,10000,41.93
2026,1,الرياض,روضه سدير,الشفاء,شقة,سكني,3,10000,74.98
2026,1,الرياض,الرياض,الورود,محل,تجاري,353,0,0
2026,1,الرياض,الزلفي,السلام,شقة,سكني,71,10961.36,92.39
2026,1,الرياض,الرياض,الوادي,مكتب,تجاري,113,0,0
2026,1,الرياض,الرياض,الرفيعة,شقة,سكني,195,32636.33,290.1
2026,1,الرياض,الغاط,الورود,شقة,سكني,1,9000,60
2026,1,الرياض,الأفلاج,الريان,فيلا,سكني,1,9333,29.91
2026,1,الرياض,الرياض,الصالحية,فيلا,سكني,4,20000,98.65
2026,1,الرياض,الرياض,العزيزية,شقة,سكني,3724,21275.11,188.22
2026,1,الرياض,الرياض,الشرفية,شقة,سكني,450,21759.42,229.75
2026,1,الرياض,وادي الدواسر,الولامين,محل,تجاري,2,0,0
2026,1,الرياض,الجمش,الجمش,شقة,سكني,9,10250,89.26
2026,1,الرياض,الرياض,النخبة,دور,سكني,1,40000,120.48
2026,1,الرياض,الرياض,حي_001022142,محل,تجاري,6,0,0
2026,1,الرياض,الرياض,العارض,شقة,سكني,3153,42649.75,357.54
2026,1,الرياض,الرياض,القدس,مكتب,تجاري,88,0,0
2026,1,الرياض,الرياض,النخيل,معرض تجاري,تجاري,47,0,0
2026,1,الرياض,الزلفي,الندى,محل,تجاري,3,0,0
2026,1,الرياض,الرياض,التضامن,دور,سكني,1,21600,101.25
2026,1,الرياض,شقراء,النزهة,محل,تجاري,4,0,0
2026,1,الرياض,مرات,حي المنطقة المركزية - حي مانح,دور,سكني,1,12000,40
2026,1,الرياض,السليل,الشفاء,محل,تجاري,3,0,0
2026,1,الرياض,الخرج,البساتين,محل,تجاري,6,0,0
2026,1,الرياض,الدوادمي,الفيصلية,محل,تجاري,93,0,0
2026,1,الرياض,الرياض,الفيصلية,استديو,سكني,36,14765,546.47
2026,1,الرياض,المجمعة,المطار,مكتب,تجاري,1,0,0
2026,1,الرياض,الرياض,الخليج,دور,سكني,266,41196.45,173.65
2026,1,الرياض,الرياض,مطار الملك خالد الدولي,فيلا,سكني,319,57649.56,237.77
2026,1,الرياض,روضه سدير,ج20,فيلا,سكني,1,28000,88.88
2026,1,الرياض,الرياض,الخالدية/الدرعية,استديو,سكني,3,14433.33,481.66
2026,1,الرياض,الرياض,عتيقة,محل,تجاري,383,0,0
2026,1,الرياض,الرياض,المصيف,دور,سكني,126,55267.3,278.18
2026,1,الرياض,الزلفي,الخالدية,فيلا,سكني,4,9000,27.36
2026,1,الرياض,الرياض,السحاب,شقة,سكني,6,26833.33,204.05
2026,1,الرياض,الرياض,الفيصلية/الدرعية,دوبلاكس,سكني,1,20000,81.96
2026,1,الرياض,ام زموع,ام زموع,شقة,سكني,2,7500,50
2026,1,الرياض,المجمعة,المستقبل,دوبلاكس,سكني,3,23333.33,126.44
2026,1,الرياض,القويعية - ام سليم,ام سليم,فيلا,سكني,1,10000,50
2026,1,الرياض,الرياض,الملك عبدالله,دوبلاكس,سكني,3,90666.66,484.02
2026,1,الرياض,الرياض,غرناطة,شقة,سكني,1046,35758.37,306.66
2026,1,الرياض,الرياض,الصحافة,محل,تجاري,168,0,0
2026,1,الرياض,الدوادمي - البجادية,الرفيعة,محل,تجاري,1,0,0
2026,1,الرياض,الرياض,العوالي,دوبلاكس,سكني,16,31264.61,145.78
2026,1,الرياض,القويعية,مخطط رقم 1039,محل,تجاري,1,0,0
2026,1,الرياض,الرياض,اليمامة,فيلا,سكني,21,38000,145.79
2026,1,الرياض,عفيف - الحماده,الحماده,شقة,سكني,1,6000,30
2026,1,الرياض,حوطه بنى تميم,المجد,شقة,سكني,15,11392.3,92.84
2026,1,الرياض,الرياض,حطين,دوبلاكس,سكني,12,98240,403.65
2026,1,الرياض,الرياض,العريجاء الغربي,دوبلاكس,سكني,3,42000,148.42
2026,1,الرياض,الرياض,المناخ,استديو,سكني,49,21250,266.4
2026,1,الرياض,القبابنه,القبابنه,شقة,سكني,1,18000,60
2026,1,الرياض,ساجر,النهضة,دور,سكني,5,14000,72.92
2026,1,الرياض,الجبيلة,الواحة,شقة,سكني,77,21234,180.01
2026,1,الرياض,الرياض,الرحمانية,دور,سكني,14,99538.46,928.46
2026,1,الرياض,الرياض,السفارات,شقة,سكني,144,96858.03,659.96
2026,1,الرياض,حريملاء,حي ج6,شقة,سكني,1,8000,66.66
2026,1,الرياض,الرياض,العود,فيلا,سكني,4,11844.33,91.77
2026,1,الرياض,الجبيلة,الشهداء,معرض تجاري,تجاري,1,0,0
2026,1,الرياض,القويعية,مخطط رقم 985,محل,تجاري,3,0,0
2026,1,الرياض,عفيف - الجرفيه,الجرفيه,دور,سكني,1,90000,702.46
2026,1,الرياض,المجمعة,الجامعيين,شقة,سكني,167,16359.19,172.19
2026,1,الرياض,الدوادمي,النزهة,معرض تجاري,تجاري,1,0,0
2026,1,الرياض,جلاجل,الصناعية,دور,سكني,1,15000,187.5
2026,1,الرياض,الخرج,الزاهر,محل,تجاري,2,0,0
2026,1,الرياض,الرياض,الندى,استديو,سكني,7,40987.5,753.61
2026,1,الرياض,عفيف,17,شقة,سكني,1,5000,50
2026,1,الرياض,الرياض,السلام,شقة,سكني,1096,26710.78,244.27
2026,1,الرياض,مرات,العزيزية1,دور,سكني,1,8000,62.4
2026,1,الرياض,شويه,شويه,شقة,سكني,3,22500,148.53
2026,1,الرياض,الرياض,الدار البيضاء,شقة,سكني,3790,21813.84,185.28
2026,1,الرياض,الرياض,أم الحمام الغربي,محل,تجاري,131,0,0
2026,1,الرياض,الرياض,المناخ,فيلا,سكني,3,130000,237.38
2026,1,الرياض,الزلفي,الخالدية,شقة,سكني,56,8638.7,89.98
2026,1,الرياض,الهرانيه,الهرانيه,شقة,سكني,2,18000,150
2026,1,الرياض,مزرعة البكر ودواجن الأخوين,منطقة مفتوحة تابعة لبلدية السلي,دور,سكني,4,22000,135.63
2026,1,الرياض,السليل,الملك عبدالعزيز,دور,سكني,3,17500,79.6
2026,1,الرياض,الرياض,شبرا,مكتب,تجاري,22,0,0
2026,1,الرياض,الرياض,مغرزات,شقة,سكني,544,41922.44,360.91
2026,1,الرياض,الأحمر,الحنابجة,شقة,سكني,1,18000,112.5
2026,1,الرياض,المجمعة - تمير,العزيزية,محل,تجاري,17,0,0
2026,1,الرياض,المجمعة,الروضة,دور,سكني,12,19260,74.74
2026,1,الرياض,الدلم,الفلاح,شقة,سكني,17,7377.27,74.56
2026,1,الرياض,شقراء,النسيم,محل,تجاري,2,0,0
2026,1,الرياض,الرياض,الجزيرة,محل,تجاري,92,0,0
2026,1,الرياض,الرياض,ديراب,شقة,سكني,301,20446.99,178.73
2026,1,الرياض,وادي الدواسر,التقنية,محل,تجاري,1,0,0
2026,1,الرياض,المزاحمية,الحزم,محل,تجاري,14,0,0
2026,1,الرياض,الرياض,النزهة,مكتب,تجاري,61,0,0
2026,1,الرياض,القاعيه بسدير,القاعيه بسدير,شقة,سكني,2,18000,190.9
2026,1,الرياض,القويعية,الخالدية,محل,تجاري,2,0,0
2026,1,الرياض,الخرج,حي سكن العزاب,شقة,سكني,4,14750,128.75
2026,1,الرياض,الرياض,القادسية,معرض تجاري,تجاري,80,0,0
2026,1,الرياض,الرياض,النسيم الشرقي,استديو,سكني,339,15745.16,413.06
2026,1,الرياض,المزاحمية,الصقورية,دور,سكني,8,22000,102.26
2026,1,الرياض,عفيف,الفاخرية,مكتب,تجاري,1,0,0
2026,1,الرياض,الدلم,الوادي,شقة,سكني,8,7428.57,72.61
2026,1,الرياض,الخرج,النهضة,دور,سكني,126,15389.3,67.17
2026,1,الرياض,الرياض,العزيزية,دوبلاكس,سكني,9,36571.42,182.96
2026,1,الرياض,البديعه,البديعه,فيلا,سكني,1,42000,120
2026,1,الرياض,عفيف,الغدير,دور,سكني,1,8000,26.66
2026,1,الرياض,الأفلاج,الاذاعة,دور,سكني,2,13000,65.92
2026,1,الرياض,الرياض,الشهداء,محل,تجاري,112,0,0
2026,1,الرياض,الرياض,عتيقة,استديو,سكني,49,8860,253.93
2026,1,الرياض,الزلفي,اليرموك,شقة,سكني,76,13635.94,131.52
2026,1,الرياض,الرياض,سلام,مكتب,تجاري,8,0,0
2026,1,الرياض,ضرما,المعارض,دور,سكني,2,21000,70
2026,1,الرياض,المجمعة,المستقبل,دور,سكني,10,20196.87,84.8
2026,1,الرياض,الرياض,ظهرة العودة شرق,محل,تجاري,50,0,0
2026,1,الرياض,نفى,الشمالي,محل,تجاري,1,0,0
2026,1,الرياض,الزلفي,عريعرة,شقة,سكني,49,12224.44,105.15
2026,1,الرياض,الرين,غرناطة,دور,سكني,1,7000,46.66
2026,1,الرياض,القويعية - الرويضة,الخليج,محل,تجاري,2,0,0
2026,1,الرياض,الرياض,غبيرا,شقة,سكني,1362,17006.56,177.95
2026,1,الرياض,حوطه بنى تميم,المسميات 2,دور,سكني,1,12000,31.08
2026,1,الرياض,الرياض,القري,محل,تجاري,1,0,0
2026,1,الرياض,المجمعة - تمير,الملك سعود,محل,تجاري,4,0,0
2026,1,الرياض,هجره السدريه,هجره السدريه,شقة,سكني,1,6000,70.58
2026,1,الرياض,الرياض,ظهرة لبن,شقة,سكني,7505,28267.05,245.85
2026,1,الرياض,الدوادمي,العزيزية,دور,سكني,17,12971.42,50.18
2026,1,الرياض,شقراء,الغدير,معرض تجاري,تجاري,1,0,0
2026,1,الرياض,الرياض,الفاروق,شقة,سكني,117,25838.8,254.42
2026,1,الرياض,المزاحمية,الأندلس,دوبلاكس,سكني,1,18000,81.81
2026,1,الرياض,الرياض,ظهره العودة غرب,شقة,سكني,68,31768.6,253.55
2026,1,الرياض,الدوادمي,حطين,فيلا,سكني,3,15000,53.33
2026,1,الرياض,الرياض,المربع,شقة,سكني,2453,30983.47,280.54
2026,1,الرياض,عفيف,الحزم,دور,سكني,18,12333.33,38.41
2026,1,الرياض,الرياض,المنار,دوبلاكس,سكني,5,42000,249.35
2026,1,الرياض,رماح - الحفيره,الحفيره,شقة,سكني,1,18000,90
2026,1,الرياض,الخاصرة,الورود,دور,سكني,1,30000,200
2026,1,الرياض,الرياض,النظيم,دور,سكني,195,34478.43,147.31
2026,1,الرياض,نفى,الفيحاء,شقة,سكني,2,18000,140
2026,1,الرياض,وادي الدواسر,المعتلا,مكتب,تجاري,1,0,0
2026,1,الرياض,مزرعة البكر ودواجن الأخوين,منطقة مفتوحة تابعة لبلدية السلي,محل,تجاري,5,0,0
2026,1,الرياض,الرياض,الأندلس,شقة,سكني,555,31014.28,271.05
2026,1,الرياض,المجمعة,الفيحاء,محل,تجاري,16,0,0
2026,1,الرياض,عفيف,الريان,محل,تجاري,20,0,0
2026,1,الرياض,الشعراء,الشعراء,شقة,سكني,3,14666.66,67.74
2026,1,الرياض,الرياض,العود,معرض تجاري,تجاري,8,0,0
2026,1,الرياض,الجبيلة,عقرباء,دور,سكني,36,41764.66,179.03
2026,1,الرياض,الجبيلة,العدل,استديو,سكني,6,10750,183.57
2026,1,الرياض,المزاحمية,غرناطة,دوبلاكس,سكني,2,19000,113.88
2026,1,الرياض,الأحمر,ال ظافر,شقة,سكني,1,30000,260.86
2026,1,الرياض,الرياض,العريجاء الغربي,دور,سكني,325,27057.16,115.15
2026,1,الرياض,الرياض,أم سليم,مكتب,تجاري,5,0,0
2026,1,الرياض,عفيف,الريان,دوبلاكس,سكني,1,7008,34.18
2026,1,الرياض,الحسى,الحسى,محل,تجاري,5,0,0
2026,1,الرياض,الرياض,النرجس,مكتب,تجاري,215,0,0
2026,1,الرياض,الخرج,السيح,محل,تجاري,172,0,0
2026,1,الرياض,المزاحمية,طويق,استديو,سكني,4,16166.66,687.96
2026,1,الرياض,الرياض,الفاروق,دور,سكني,14,36852.5,214.17
2026,1,الرياض,الرياض,خشم العان,محل,تجاري,23,0,0
2026,1,الرياض,الرياض,النزهة,دور,سكني,49,60676.19,273.9
2026,1,الرياض,الرياض,الوشام,معرض تجاري,تجاري,32,0,0
2026,1,الرياض,الخرج,طويق,فيلا,سكني,12,26700,74.25
2026,1,الرياض,الرياض,منفوحة الجديدة,معرض تجاري,تجاري,2,0,0
2026,1,الرياض,القويعية,الزهور,فيلا,سكني,2,25000,37.78
2026,1,الرياض,الرياض,صياح,شقة,سكني,132,14824.31,161.41
2026,1,الرياض,الرياض,الرماية,محل,تجاري,3,0,0
2026,1,الرياض,الرياض,الندوة,فيلا,سكني,5,51666.66,175.09
2026,1,الرياض,الرياض,أم سليم,محل,تجاري,65,0,0
2026,1,الرياض,الرياض,الملقا,مكتب,تجاري,307,0,0
2026,1,الرياض,السكران,السكران,شقة,سكني,1,10000,66.66
2026,1,الرياض,الزلفي,الخالدية,دور,سكني,1,9000,60
2026,1,الرياض,الخرج,الخالدية,مكتب,تجاري,3,0,0
2026,1,الرياض,منيه,منيه,شقة,سكني,2,4500,23.68
2026,1,الرياض,الغالبية,الغالبية,دور,سكني,1,8000,53.33
2026,1,الرياض,الشرميه,الشرميه,محل,تجاري,4,0,0
2026,1,الرياض,القويعية,الجفونية,شقة,سكني,1,6000,57.14
2026,1,الرياض,الرياض,الحزم,استديو,سكني,30,12033.33,244.02
2026,1,الرياض,الرياض,النرجس,دور,سكني,446,66797.46,325.83
2026,1,الرياض,شقراء,قرطبة,فيلا,سكني,2,27000,98
2026,1,الرياض,الرياض,الضباط,مكتب,تجاري,53,0,0
2026,1,الرياض,الصفويه,الصفويه,شقة,سكني,1,17000,170
2026,1,الرياض,المزاحمية,شخيب,دور,سكني,1,8000,40
2026,1,الرياض,ضرما,الريان,معرض تجاري,تجاري,1,0,0
2026,1,الرياض,حوطه بنى تميم,السلام,دور,سكني,4,14000,70.66
2026,1,الرياض,الرياض,التعاون,معرض تجاري,تجاري,43,0,0
2026,1,الرياض,الرياض,الوشام,فيلا,سكني,12,47305.22,150.23
2026,1,الرياض,الرين,الناصفة,شقة,سكني,2,12500,125
2026,1,الرياض,الخرج,مشرف,شقة,سكني,615,15414.84,103.81
2026,1,الرياض,القويعية,الزهور,معرض تجاري,تجاري,1,0,0
2026,1,الرياض,الرياض,الفاخرية,استديو,سكني,4,14375,385.41
2026,1,الرياض,عفيف,النخيل,دور,سكني,13,13625,40.74
2026,1,الرياض,مرات,المدرجية,محل,تجاري,7,0,0
2026,1,الرياض,عفيف,النهضة,محل,تجاري,6,0,0
2026,1,الرياض,السليل,النخيل,دور,سكني,3,17666.66,111.68
2026,1,الرياض,عفيف,الضباب,فيلا,سكني,2,20000,85
2026,1,الرياض,مزارع البطين ومزرعه دواجن,قصور ال مقبل,محل,تجاري,5,0,0
2026,1,الرياض,الرياض,الزهرة,استديو,سكني,44,16740.25,417.75
2026,1,الرياض,المجمعة - برزان,برزان,شقة,سكني,1,18000,180
2026,1,الرياض,القويعية,1045 مخطط رقم,دور,سكني,2,17000,66.33
2026,1,الرياض,الغاط,الإسكان,شقة,سكني,1,18000,60
2026,1,الرياض,الأرطاوية,الفيصلية,محل,تجاري,8,0,0
2026,1,الرياض,الرياض,القيروان,دوبلاكس,سكني,15,69620,339.07
2026,1,الرياض,ثادق,الخالدية,محل,تجاري,9,0,0
2026,1,الرياض,الرياض,النور,محل,تجاري,112,0,0
2026,1,الرياض,عين القنور,عين القنور,شقة,سكني,1,19000,76
2026,1,الرياض,الزلفي,الطرغشه,استديو,سكني,2,8000,66.66
2026,1,الرياض,الجبيلة,الأمير سلطان,شقة,سكني,4,26000,168.17
2026,1,الرياض,الدلم,العليا,دور,سكني,1,19000,47.5
2026,1,الرياض,الدوادمي,حطين,دوبلاكس,سكني,4,14666.66,81.11
2026,1,الرياض,الرياض,الخالدية,دوبلاكس,سكني,3,27000,210.6
2026,1,الرياض,عفيف,اليمامة,شقة,سكني,18,12524.7,74.8
2026,1,الرياض,الرياض,العلا,محل,تجاري,27,0,0
2026,1,الرياض,البديع,البديع الشمالي,محل,تجاري,16,0,0
2026,1,الرياض,التوضيحيه,التوضيحيه,شقة,سكني,1,18000,120
2026,1,الرياض,ملهم,ملهم,شقة,سكني,120,19100,163.96
2026,1,الرياض,حجيلاء,حجيلاء,شقة,سكني,1,12000,80
2026,1,الرياض,حوطه سدير,الشبيلية2,دور,سكني,6,21180,123.61
2026,1,الرياض,الزلفي,الطرغشه,شقة,سكني,3,9166.66,78.88
2026,1,الرياض,الرياض,ظهرة البديعة,معرض تجاري,تجاري,44,0,0
2026,1,الرياض,الهميج,الهميج,شقة,سكني,1,18000,60
2026,1,الرياض,وادي الدواسر,المقابل,دور,سكني,2,21500,58.76
2026,1,الرياض,الرياض,التعاون,دور,سكني,67,68518.51,294.61
2026,1,الرياض,وادي الدواسر,الرويساء,شقة,سكني,1,18000,180
2026,1,الرياض,الرياض,المعيزيلة,استديو,سكني,33,20988.88,721.84
2026,1,الرياض,ام سديره,ام سديره,شقة,سكني,3,18000,88.7
2026,1,الرياض,ضرما,اليمامة,محل,تجاري,2,0,0
2026,1,الرياض,الرياض,ظهرة لبن,فيلا,سكني,98,49379.08,181.04
2026,1,الرياض,الرياض,الضباط,دور,سكني,22,62360.61,395.45
2026,1,الرياض,حريملاء,حي ج6,دور,سكني,2,26500,119.27
2026,1,الرياض,الرين,الرين القديم,محل,تجاري,12,0,0
2026,1,الرياض,الرياض,منطقة مفتوحة تابعة لبلدية الشرق,دور,سكني,1,45000,375
2026,1,الرياض,الرياض,السويدي الغربي,فيلا,سكني,12,43272.72,152.67
2026,1,الرياض,الرياض,منطقة مفتوحة تابعة لبلدية العزيزية,محل,تجاري,3,0,0
2026,1,الرياض,الدمثى,الدمثى,شقة,سكني,1,5000,83.33
2026,1,الرياض,الرياض,ظهرة العودة شرق,استديو,سكني,5,14600,383.33
2026,1,الرياض,الجمش,مخطط رقم 242,دور,سكني,2,8500,42.5
2026,1,الرياض,الرياض,السعادة,دوبلاكس,سكني,2,51500,280.43
2026,1,الرياض,شقراء,قرطبة,محل,تجاري,10,0,0
2026,1,الرياض,الرياض,هيت,شقة,سكني,2,26000,373.33
2026,1,الرياض,الرياض,الزهراء,استديو,سكني,12,23477.77,538.25
2026,1,الرياض,الأرطاوية,الخليج,شقة,سكني,11,15081.81,115.26
2026,1,الرياض,الرياض,طيبة,استديو,سكني,6,14365,316.16
2026,1,الرياض,المجمعة,الصناعية الثانية,دور,سكني,1,36000,200
2026,1,الرياض,الرياض,الإزدهار,فيلا,سكني,36,107016.12,371.25
2026,1,الرياض,الرياض,المشاعل,شقة,سكني,558,32397.79,311.43
2026,1,الرياض,الرياض,الشفاء,دور,سكني,246,27539.59,135.32
2026,1,الرياض,الأفلاج,الملك فهد,استديو,سكني,2,5000,100
2026,1,الرياض,عفيف,الشلال,محل,تجاري,1,0,0
2026,1,الرياض,الدوادمي,بدر,محل,تجاري,23,0,0
2026,1,الرياض,الرياض,الملقا,معرض تجاري,تجاري,128,0,0
2026,1,الرياض,حوطه سدير,الشفاء,دور,سكني,10,13111.11,85.03
2026,1,الرياض,ساجر,النخيل,فيلا,سكني,1,18000,120
2026,1,الرياض,الرياض,الملك فيصل,شقة,سكني,1736,34108.37,282.07
2026,1,الرياض,وادي الدواسر,القيروان,دور,سكني,4,21350,110.08
2026,1,الرياض,الرياض,السلي,استديو,سكني,72,17360.94,475.13
2026,1,الرياض,الدوادمي,الحرمين,شقة,سكني,122,10201.52,87.58
2026,1,الرياض,الرياض,بنبان,محل,تجاري,17,0,0
2026,1,الرياض,الرياض,أم الحمام الغربي,معرض تجاري,تجاري,10,0,0
2026,1,الرياض,الرياض,الياسمين,معرض تجاري,تجاري,109,0,0
2026,1,الرياض,الغاط,العرنية,محل,تجاري,1,0,0
2026,1,الرياض,المجمعة,الجامعيين,فيلا,سكني,2,44000,133.8
2026,1,الرياض,الرغيب,الرغيب,شقة,سكني,1,5000,41.66
2026,1,الرياض,الرياض,قرطبة,معرض تجاري,تجاري,80,0,0
2026,1,الرياض,المجمعة,الفيحاء,شقة,سكني,29,12973.63,119.23
2026,1,الرياض,الرياض,الأندلس,محل,تجاري,165,0,0
2026,1,الرياض,الرياض,السلام,دور,سكني,232,40830.06,190.17
2026,1,الرياض,حوطه سدير,الحلة الطالعية,دور,سكني,1,7000,70
2026,1,الرياض,الجلة,مخطط رقم 1209,محل,تجاري,2,0,0
2026,1,الرياض,الرياض,السلام,استديو,سكني,217,18919.36,762.97
2026,1,الرياض,الحيانية,حي الحيانية القديمة,شقة,سكني,4,15000,118.98
2026,1,الرياض,ثادق,مخطط رقم 133 ,دور,سكني,1,8000,44.44
2026,1,الرياض,الرياض,اليمامة,معرض تجاري,تجاري,2,0,0
2026,1,الرياض,حوطه سدير,ج11,شقة,سكني,7,16080,198.91
2026,1,الرياض,المجمعة,الملك سلمان,معرض تجاري,تجاري,1,0,0
2026,1,الرياض,الرين,الصفاء,شقة,سكني,9,14250,124.51
2026,1,الرياض,حوطه بنى تميم,الفرعة الشرقية,شقة,سكني,4,12125,83.03
2026,1,الرياض,الرياض,العزيزية,مكتب,تجاري,107,0,0
2026,1,الرياض,الرياض,الإزدهار,معرض تجاري,تجاري,35,0,0
2026,1,الرياض,رماح,الإزدهار,شقة,سكني,1,15500,77.5
2026,1,الرياض,واسط,واسط,دور,سكني,1,15000,67.56
2026,1,الرياض,الدوادمي,العزيزية,محل,تجاري,6,0,0
2026,1,الرياض,الرياض,الفوطة,محل,تجاري,320,0,0
2026,1,الرياض,المجمعة,الأمير سلطان بن عبدالعزيز,شقة,سكني,348,15309.09,147.59
2026,1,الرياض,الدوادمي,الخالدية,شقة,سكني,183,11661.66,81.57
2026,1,الرياض,مزارع جفن الغربيه والشقيم,روضة الطويل,شقة,سكني,1,14000,63.63
2026,1,الرياض,الرياض,الوزارات,شقة,سكني,2384,23783.11,256.89
2026,1,الرياض,الرياض,الصفاء,دوبلاكس,سكني,3,38500,149.48
2026,1,الرياض,الرياض,الصفاء,شقة,سكني,151,39971.9,330.28
2026,1,الرياض,بدايع العضيان,الإزدهار,شقة,سكني,2,20000,66.66
2026,1,الرياض,الخرج,العدامة,محل,تجاري,2,0,0
2026,1,الرياض,الرياض,النزهة,محل,تجاري,125,0,0
2026,1,الرياض,حريملاء,النخيل,دور,سكني,3,12333.33,96.92
2026,1,الرياض,مرات,الحزم,فيلا,سكني,1,85000,317.16
2026,1,الرياض,الخرج,الخالدية,استديو,سكني,39,15790.47,283.17
2026,1,الرياض,المجمعة,الصناعية الأولى,محل,تجاري,1,0,0
2026,1,الرياض,العسيله,العسيله,شقة,سكني,2,17000,110
2026,1,الرياض,الرياض,المعذر الشمالي,دوبلاكس,سكني,2,77500,234.12
2026,1,الرياض,الرياض,الوادي,دور,سكني,134,58400,300.25
2026,1,الرياض,الرياض,عليشة,محل,تجاري,27,0,0
2026,1,الرياض,وادي الدواسر,اللدام الشمالي,شقة,سكني,92,15238.29,112.97
2026,1,الرياض,الرياض,طويق,مكتب,تجاري,67,0,0
2026,1,الرياض,العفجة,العفجة,شقة,سكني,2,9000,75
2026,1,الرياض,الرياض,مغرزات,استديو,سكني,12,24600,480.07
2026,1,الرياض,الزلفي,الفاروق,استديو,سكني,3,14400,246.85
2026,1,الرياض,وادي الدواسر,الروضة,شقة,سكني,94,17680,126.85
2026,1,الرياض,الشحاطيه,الشحاطيه,شقة,سكني,1,18000,72
2026,1,الرياض,عفيف,الدانة,شقة,سكني,9,13187.5,99.01
2026,1,الرياض,الزلفي,الندى,فيلا,سكني,1,12000,80
2026,1,الرياض,المجمعة - تمير,المراجيم,محل,تجاري,4,0,0
2026,1,الرياض,عشيرة سدير,عشيرة سدير,دور,سكني,4,17000,126.38
2026,1,الرياض,الرياض,الدار البيضاء,مكتب,تجاري,24,0,0
2026,1,الرياض,الرياض,الفوطة,مكتب,تجاري,171,0,0
2026,1,الرياض,المزاحمية,الأندلس,دور,سكني,11,27840,85.89
2026,1,الرياض,الرياض,الثليما,شقة,سكني,13,92222.22,1231.95
2026,1,الرياض,الخرج,السهباء,شقة,سكني,30,16400,112.26
2026,1,الرياض,الغاط,المصيف,محل,تجاري,1,0,0
2026,1,الرياض,الحزم والبطينه,الحزم والبطينه,شقة,سكني,5,13800,112.8
2026,1,الرياض,الزلفي,الخليج,دوبلاكس,سكني,1,20004,111.13
2026,1,الرياض,الأفلاج,الاذاعة,شقة,سكني,2,8900,44.5
2026,1,الرياض,أشيقر,مخطط رقم 250-أ,دور,سكني,1,18000,120
2026,1,الرياض,محطه الشلوى,محطه الشلوى,شقة,سكني,1,18000,60
2026,1,الرياض,الدلم,الصحنة,معرض تجاري,تجاري,2,0,0
2026,1,الرياض,الرياض,بنبان,شقة,سكني,26,21904.76,162.99
2026,1,الرياض,ثادق,الفيصلية,فيلا,سكني,1,8000,20
2026,1,الرياض,الرين,المعيزيلة,شقة,سكني,1,16000,160
2026,1,الرياض,رماح,النخيل,شقة,سكني,32,15295.83,73.14
2026,1,الرياض,المزاحمية,غرناطة,شقة,سكني,101,17390.54,142.39
2026,1,الرياض,روضه سدير,المنار,فيلا,سكني,1,13000,20.63
2026,1,الرياض,الرياض,الفلاح,دور,سكني,41,58034.48,232.61
2026,1,الرياض,وادي الدواسر,طويق ,شقة,سكني,1,18000,180
2026,1,الرياض,الرياض,حطين,دور,سكني,45,69611.29,328.05
2026,1,الرياض,الرياض,المصفاة,دور,سكني,7,64100,285.99
2026,1,الرياض,الرياض,النفل,دور,سكني,112,61754.94,266.31
2026,1,الرياض,الرياض,الرماية,فيلا,سكني,1,64000,189.91
2026,1,الرياض,الرياض,المنار,محل,تجاري,61,0,0
2026,1,الرياض,الدوادمي,اليمامة,دور,سكني,1,10000,50
2026,1,الرياض,حريملاء,حي ج3,استديو,سكني,5,13200,330
2026,1,الرياض,عفيف,اليمامة,دوبلاكس,سكني,1,12000,40
2026,1,الرياض,الرياض,الدار البيضاء,دوبلاكس,سكني,1,20000,66.66
2026,1,الرياض,الهدار,الفيحاء,دور,سكني,1,10000,33.33
2026,1,الرياض,الرياض,ثليم,شقة,سكني,903,15841.04,185.45
2026,1,الرياض,براحه المفرق,براحه المفرق,فيلا,سكني,1,12000,93.6
2026,1,الرياض,الرياض,أم الحمام الغربي,دور,سكني,169,40017.6,254.15
2026,1,الرياض,المنصوره,المنصوره,شقة,سكني,8,17250,96.51
2026,1,الرياض,الرياض,حي_001022142,فيلا,سكني,5,115666.66,391.06
2026,1,الرياض,رماح,الورود,دور,سكني,13,22860,76.79
2026,1,الرياض,افقرة,افقرة,فيلا,سكني,1,220000,122.22
2026,1,الرياض,الدوادمي,الملك فهد,دور,سكني,6,12677.83,35.79
2026,1,الرياض,عنان,عنان,دور,سكني,1,18000,45
2026,1,الرياض,الرياض,الملقا,استديو,سكني,180,35183.11,852.08
2026,1,الرياض,شقراء,النزهة,دوبلاكس,سكني,1,28000,70
2026,1,الرياض,الدوادمي,حطين,محل,تجاري,14,0,0
2026,1,الرياض,الزلفي,قرطبة,شقة,سكني,15,10400,97.16
2026,1,الرياض,الرياض,النخيل,فيلا,سكني,55,174841.59,464.29
2026,1,الرياض,الحصاة,القدس,شقة,سكني,1,18000,100
2026,1,الرياض,مرات,الغدير,شقة,سكني,2,14000,140
2026,1,الرياض,حوطه سدير,الربعة,شقة,سكني,2,7200,37.33
2026,1,الرياض,الرياض,المهدية,فيلا,سكني,132,70668.42,284.17
2026,1,الرياض,الرياض,البيان,فيلا,سكني,29,51208.69,165.4
2026,1,الرياض,رماح,الزهور,فيلا,سكني,1,38000,60.8
2026,1,الرياض,الرياض,السويدي,دوبلاكس,سكني,2,37500,177.25
2026,1,الرياض,الأفلاج,الملك فهد,محل,تجاري,9,0,0
2026,1,الرياض,الرياض,الخالدية/الدرعية,محل,تجاري,26,0,0
2026,1,الرياض,الرياض,طيبة,محل,تجاري,31,0,0
2026,1,الرياض,الحوي,الحوي,شقة,سكني,1,18000,94.73
2026,1,الرياض,الهياثم,الديرة,محل,تجاري,8,0,0
2026,1,الرياض,المجمعة,الأندلس,محل,تجاري,45,0,0
2026,1,الرياض,الخرج,غياضة,فيلا,سكني,3,50000,208.33
2026,1,الرياض,الهياثم,مشرفة,فيلا,سكني,22,35562.5,113.87
2026,1,الرياض,ضرما,البطين,شقة,سكني,2,18000,122.54
2026,1,الرياض,شقراء,الربيع,دور,سكني,1,7000,66.66
2026,1,الرياض,ضرما,البديع الشرقى,شقة,سكني,17,16000,114.75
2026,1,الرياض,الرياض,الورود,فيلا,سكني,105,104618.29,375.76
2026,1,الرياض,الرياض,طويق,محل,تجاري,1789,0,0
2026,1,الرياض,الجمش - ام طليحه,ام طليحه,شقة,سكني,1,18000,180
2026,1,الرياض,ضرما,النخيل,شقة,سكني,9,17275,94.96
2026,1,الرياض,الرياض,الدفاع,شقة,سكني,37,24879.54,166.09
2026,1,الرياض,الرياض,ظهرة البديعة,شقة,سكني,687,21720.36,198.64
2026,1,الرياض,الخرج,مناطق خاصة,شقة,سكني,38,13156.37,108.46
2026,1,الرياض,المزاحمية,الغطغط,محل,تجاري,1,0,0
2026,1,الرياض,وادي الدواسر,نزوى,دور,سكني,2,14000,59.62
2026,1,الرياض,المجمعة,الأمير سلطان بن عبدالعزيز,دور,سكني,19,19993.33,114.89
2026,1,الرياض,المجمعة,مزارع الثغيب وروضة جوي,محل,تجاري,1,0,0
2026,1,الرياض,المجمعة - تمير,المراجيم,دور,سكني,1,14000,56
2026,1,الرياض,الرياض,الورود,دور,سكني,150,45349.43,244.45
2026,1,الرياض,وادي الدواسر,العقيق,دور,سكني,15,25000,116.6
2026,1,الرياض,عفيف,الريان,شقة,سكني,46,13047.45,90.44
2026,1,الرياض,تمرة,تمره,شقة,سكني,25,10495.65,65.53
2026,1,الرياض,الخرج,الثليماء,شقة,سكني,1,10000,71.42
2026,1,الرياض,القويعية - الرويضة,النهضة,شقة,سكني,4,9725,72.62
2026,1,الرياض,المجمعة,المرقب,استديو,سكني,3,10100,134.66
2026,1,الرياض,الرياض,الربوة,فيلا,سكني,156,90389.5,350.46
2026,1,الرياض,الخرج,الجامعة,مكتب,تجاري,1,0,0
2026,1,الرياض,الرياض,العريجاء الغربي,معرض تجاري,تجاري,26,0,0
2026,1,الرياض,الخرج,الناصفة,دور,سكني,21,16505.88,71.22
2026,1,الرياض,الزلفي,أحد,محل,تجاري,1,0,0
2026,1,الرياض,المعتادية,المعتادية,محل,تجاري,1,0,0
2026,1,الرياض,الرياض,الريان,دوبلاكس,سكني,7,62050,327.35
2026,1,الرياض,الرياض,الصالحية,مكتب,تجاري,7,0,0
2026,1,الرياض,حريملاء,النهضة,شقة,سكني,25,13842.3,115
2026,1,الرياض,القويعية,الخالدية,شقة,سكني,3,14000,98.18
2026,1,الرياض,الرين,الفتح,دور,سكني,3,6800,27.68
2026,1,الرياض,ثادق,العزيزية,شقة,سكني,7,10366.66,80.34
2026,1,الرياض,ابو عرينه,ابو عرينه,شقة,سكني,1,12000,66.66
2026,1,الرياض,حلبان,مخطط رقم 4,شقة,سكني,1,8000,61.53
2026,1,الرياض,الرياض,الحمراء,معرض تجاري,تجاري,24,0,0
2026,1,الرياض,الرياض,أم الحمام الشرقي,معرض تجاري,تجاري,14,0,0
2026,1,الرياض,الجبيلة,عقرباء,شقة,سكني,209,27696.76,198.92
2026,1,الرياض,الرياض,الملك سلمان,دور,سكني,50,76961.56,373.6
2026,1,الرياض,الدوادمي,الخليج,شقة,سكني,5,11375,73.79
2026,1,الرياض,الرياض,الرحمانية,معرض تجاري,تجاري,68,0,0
2026,1,الرياض,الرياض,المرسلات,دور,سكني,62,57365.3,317.77
2026,1,الرياض,الخرج,فرزان,محل,تجاري,25,0,0
2026,1,الرياض,حريملاء,النخيل,استديو,سكني,1,7500,300
2026,1,الرياض,الرياض,البطحاء,شقة,سكني,36,23375,184.85
2026,1,الرياض,الرياض,العريجاء,محل,تجاري,22,0,0
2026,1,الرياض,هجرة ومزارع بوضان,حي بوضان,شقة,سكني,2,18000,90
2026,1,الرياض,حوطه بنى تميم,السلام,شقة,سكني,77,10989.13,84.48
2026,1,الرياض,الرياض,الملك عبدالعزيز,شقة,سكني,390,34296.82,341.11
2026,1,الرياض,مرات,كميت,محل,تجاري,5,0,0
2026,1,الرياض,جهام,جهام,فيلا,سكني,1,12000,60
2026,1,الرياض,حريملاء,الحزم,شقة,سكني,24,9885.33,98.97
2026,1,الرياض,الرياض,سلام,استديو,سكني,4,8400,221.33
2026,1,الرياض,الدوادمي - البرود,البرود,شقة,سكني,1,15000,93.75
2026,1,الرياض,الأفلاج,الصالحية,شقة,سكني,23,13321.42,103.02
2026,1,الرياض,الأفلاج,الادارية غرب,شقة,سكني,2,9250,76.57
2026,1,الرياض,الفويسه,الفويسه,شقة,سكني,1,14400,93.5
2026,1,الرياض,عشيره المخامر,عشيره المخامر,شقة,سكني,1,10000,166.66
2026,1,الرياض,المزاحمية,الريف,فيلا,سكني,1,40000,158.73
2026,1,الرياض,وادي الدواسر,اللدام الجنوبي,مكتب,تجاري,1,0,0
2026,1,الرياض,الخرج,مناطق خاصة,دوبلاكس,سكني,1,20400,88.69
2026,1,الرياض,الرياض,الخير,فيلا,سكني,5,27500,93.69
2026,1,الرياض,الرياض,النموذجية,استديو,سكني,5,14375,226.25
2026,1,الرياض,الخرج,العفجه,دور,سكني,1,22000,80.79
2026,1,الرياض,الرياض,النزهة,دوبلاكس,سكني,7,75783.33,391.08
2026,1,الرياض,الرياض,السلي,معرض تجاري,تجاري,46,0,0
2026,1,الرياض,الرياض,المعيزيلة,محل,تجاري,86,0,0
2026,1,الرياض,الرياض,بدر,استديو,سكني,127,13854.31,326.1
2026,1,الرياض,حريملاء,حي ج1,محل,تجاري,2,0,0
2026,1,الرياض,القويعية,الخالدية,دور,سكني,1,10000,66.66
2026,1,الرياض,الرياض,خشم العان,دور,سكني,3,31600,191.28
2026,1,الرياض,الرياض,القادسية,دور,سكني,115,47544.21,199.69
2026,1,الرياض,الرياض,البديعة,معرض تجاري,تجاري,2,0,0
2026,1,الرياض,الخرج,العدامة,شقة,سكني,22,15486.66,137.86
2026,1,الرياض,حوطه بنى تميم,الحلة,محل,تجاري,153,0,0
2026,1,الرياض,الرياض,المحمدية,دور,سكني,23,67140,293.72
2026,1,الرياض,الدلم,الوادي,دور,سكني,3,31666.66,113.33
2026,1,الرياض,الرياض,الدحو,معرض تجاري,تجاري,3,0,0
2026,1,الرياض,الخرج,السلام,شقة,سكني,1112,13063.68,121.17
2026,1,الرياض,حريملاء,حي ج1,شقة,سكني,5,14333.33,125.55
2026,1,الرياض,القويعية,الفيضة,استديو,سكني,1,9000,75
2026,1,الرياض,الدوادمي,العليا,دوبلاكس,سكني,4,13666.66,52.45
2026,1,الرياض,حريملاء,حي ج9,استديو,سكني,2,10800,192
2026,1,الرياض,الخرج,القطار,فيلا,سكني,3,32133.33,112.68
2026,1,الرياض,حوطه بنى تميم,اسفل الباطن,استديو,سكني,2,5000,78.12
2026,1,الرياض,آل بريك,حي العبيديات,شقة,سكني,4,16475,94.19
2026,1,الرياض,الرياض,المرقب,فيلا,سكني,2,28000,166.17
2026,1,الرياض,الخرج,طويق,دوبلاكس,سكني,6,23437.16,107.91
2026,1,الرياض,السره,السره,شقة,سكني,1,16000,160
2026,1,الرياض,الخرج,العالية,محل,تجاري,343,0,0
2026,1,الرياض,أشيقر,مخطط رقم 247,دور,سكني,3,11000,83.75
2026,1,الرياض,الرياض,ظهره العودة غرب,دور,سكني,11,36272.72,179.72
2026,1,الرياض,حريملاء,الديرة,محل,تجاري,9,0,0
2026,1,الرياض,حوطه بنى تميم,الغضا,شقة,سكني,5,10375,70.78
2026,1,الرياض,الدوادمي,الفيصلية,مكتب,تجاري,3,0,0
2026,1,الرياض,الرياض,السويدي,دور,سكني,244,26956.59,124.27
2026,1,الرياض,جلاجل,النموذجية,شقة,سكني,7,12385.71,62.71
2026,1,الرياض,الرياض,الملك فهد,مكتب,تجاري,120,0,0
2026,1,الرياض,ساجر,الأندلس,دور,سكني,4,15000,52.5
2026,1,الرياض,حوطه سدير,الجنوبية بسدير,محل,تجاري,2,0,0
2026,1,الرياض,العدالات,ام رغل,شقة,سكني,1,15000,112.5
2026,1,الرياض,الغاط,النخيل,معرض تجاري,تجاري,1,0,0
2026,1,الرياض,الرياض,السليمانية/الدرعية,مكتب,تجاري,3,0,0
2026,1,الرياض,رماح,التعاون,شقة,سكني,8,14571.42,91.42
2026,1,الرياض,حوطه بنى تميم,نجد,شقة,سكني,11,9083.33,68.33
2026,1,الرياض,الرياض,الندى,محل,تجاري,14,0,0
2026,1,الرياض,ثادق,الوادي,محل,تجاري,5,0,0
2026,1,الرياض,الرياض,الشفاء,استديو,سكني,28,13295.14,366.54
2026,1,الرياض,الرياض,النسيم الغربي,شقة,سكني,2915,21546.12,211.56
2026,1,الرياض,الدوادمي,الدرع,دوبلاكس,سكني,4,15625,76.57
2026,1,الرياض,الدوادمي - البجادية,مركز الشرارة,شقة,سكني,4,20850,195
2026,1,الرياض,الخرج,العيون,شقة,سكني,59,16229.26,108.41
2026,1,الرياض,الرياض,العريجاء,دور,سكني,20,21827.77,141.03
2026,1,الرياض,الرياض,غبيرا,استديو,سكني,50,12875,416.05
2026,1,الرياض,الدوادمي,الخالدية,دوبلاكس,سكني,14,14358.92,70.9
2026,1,الرياض,الرياض,الشرفية,مكتب,تجاري,3,0,0
2026,1,الرياض,وادي الدواسر,المعتلا,فيلا,سكني,1,12000,80
2026,1,الرياض,الرياض,الورود,دوبلاكس,سكني,3,100000,281.87
2026,1,الرياض,الرياض,ثليم,مكتب,تجاري,28,0,0
2026,1,الرياض,الدلم,الناصرية,استديو,سكني,1,10000,111.11
2026,1,الرياض,الهدار,الفيحاء,شقة,سكني,1,13200,176
2026,1,الرياض,القويعية - الرويضة,المصيف,دور,سكني,1,12000,54.54
2026,1,الرياض,الرياض,المروة,فيلا,سكني,10,38000,129.52
2026,1,الرياض,الرياض,السويدي الغربي,شقة,سكني,653,20012.5,176.97
2026,1,الرياض,الرياض,الدفاع,معرض تجاري,تجاري,11,0,0
2026,1,الرياض,الخرج,الفيصلية,فيلا,سكني,6,30700,89.78
2026,1,الرياض,الرياض,بنبان,دوبلاكس,سكني,4,19750,127.5
2026,1,الرياض,الرياض,الربيع,معرض تجاري,تجاري,41,0,0
2026,1,الرياض,الخرج,العفجه,محل,تجاري,22,0,0
2026,1,الرياض,شقراء,الورود,شقة,سكني,72,12883.33,110.84
2026,1,الرياض,الزلفي,اليمامة,استديو,سكني,1,5000,100
2026,1,الرياض,الرياض,قرطبة,استديو,سكني,84,27497.5,455.83
2026,1,الرياض,الرياض,الشرفية,دوبلاكس,سكني,2,24250,151.19
2026,1,الرياض,الرياض,نمار,فيلا,سكني,36,56964.28,187.68
2026,1,الرياض,القويعية,الجزيرة,محل,تجاري,3,0,0
2026,1,الرياض,الشيديه,الشيديه,دور,سكني,1,6000,15
2026,1,الرياض,المجمعة,البصيرة,شقة,سكني,12,14833.33,88.02
2026,1,الرياض,الزلفي,الفاروق,دور,سكني,6,9500,56.97
2026,1,الرياض,الدوادمي,الصناعية,دور,سكني,1,25000,125
2026,1,الرياض,الرياض,الدريهمية,معرض تجاري,تجاري,6,0,0
2026,1,الرياض,المزاحمية,الورود,شقة,سكني,71,19497.56,150.5
2026,1,الرياض,الدوادمي - البجادية,الملك فيصل,فيلا,سكني,1,12000,30
2026,1,الرياض,الخرج,نجد,محل,تجاري,4,0,0
2026,1,الرياض,الخرج,اليرموك,شقة,سكني,128,16561.11,113.59
2026,1,الرياض,القويعية,المروج,محل,تجاري,7,0,0
2026,1,الرياض,ساجر,الريان,محل,تجاري,2,0,0
2026,1,الرياض,وادي الدواسر,الخماسين الشمالى,محل,تجاري,10,0,0
2026,1,الرياض,حوطه بنى تميم,الروابي,محل,تجاري,4,0,0
2026,1,الرياض,الخرج,النهضة,دوبلاكس,سكني,1,9500,35.62
2026,1,الرياض,عفيف,الورود,فيلا,سكني,19,10028.57,28.48
2026,1,الرياض,القصب,الفيصلية,شقة,سكني,1,5000,41.66
2026,1,الرياض,المزاحمية,الريف,محل,تجاري,11,0,0
2026,1,الرياض,الرياض,عرقة,دور,سكني,132,49366.11,227.14
2026,1,الرياض,الدلم,مخطط 543,شقة,سكني,3,13333.33,64.84
2026,1,الرياض,الخاصرة,الورود,شقة,سكني,3,16250,118.75
2026,1,الرياض,الرياض,المرقب,معرض تجاري,تجاري,15,0,0
2026,1,الرياض,الرياض,العمل,استديو,سكني,86,11636.31,381.22
2026,1,الرياض,الدوادمي,السنبلة,شقة,سكني,7,11215.71,55.74
2026,1,الرياض,الرياض,الملك فهد,دور,سكني,81,53262.76,247.52
2026,1,الرياض,الدوادمي,العليا,دور,سكني,18,18085.71,54.9
2026,1,الرياض,جلاجل,الملك فهد,دور,سكني,2,10000,83.33
2026,1,الرياض,الدوادمي,الخليج,دوبلاكس,سكني,1,12000,60
2026,1,الرياض,الزلفي,الواحة,شقة,سكني,3,7040,67
2026,1,الرياض,الرياض,السلي,فيلا,سكني,24,53017.05,209.6
2026,1,الرياض,الغاط,الرحاب,محل,تجاري,1,0,0
2026,1,الرياض,الرين,الريعانية,شقة,سكني,1,10000,100
2026,1,الرياض,المجمعة - تمير,الخالدية,محل,تجاري,15,0,0
2026,1,الرياض,المزاحمية,المروج,فيلا,سكني,1,42000,190.9
2026,1,الرياض,الخرج,الورود,شقة,سكني,325,18318.01,120.37
2026,1,الرياض,الرياض,غبيرا,مكتب,تجاري,37,0,0
2026,1,الرياض,الرياض,العليا,شقة,سكني,3124,47795.26,404
2026,1,الرياض,الرياض,التعاون,استديو,سكني,33,20550,646.98
2026,1,الرياض,السليل,الروضة,محل,تجاري,8,0,0
2026,1,الرياض,النغيق,النغيق,شقة,سكني,1,18000,60
2026,1,الرياض,الرياض,ثليم,استديو,سكني,437,10294.91,424.32
2026,1,الرياض,الرياض,ظهره العودة غرب,محل,تجاري,2,0,0
2026,1,الرياض,الرياض,الفوطة,استديو,سكني,45,18225.88,506.43
2026,1,الرياض,رماح,المنار,محل,تجاري,51,0,0
2026,1,الرياض,القويعية,1077 مخطط رقم,استديو,سكني,4,10800,486
2026,1,الرياض,ثادق,مخطط رقم 133 ,محل,تجاري,5,0,0
2026,1,الرياض,الخرج,العيون,دوبلاكس,سكني,1,16800,40
2026,1,الرياض,الخرج,الواحة,دور,سكني,1,14400,52.36
2026,1,الرياض,الرياض,الجنادرية,محل,تجاري,247,0,0
2026,1,الرياض,الرياض,الفيصلية/الدرعية,فيلا,سكني,7,58400,195.35
2026,1,الرياض,الخرج,الهدا,محل,تجاري,33,0,0
2026,1,الرياض,المزاحمية,الريف,شقة,سكني,33,18823.07,141.13
2026,1,الرياض,نفى,الفيحاء,محل,تجاري,1,0,0
2026,1,الرياض,الرياض,الدريهمية,شقة,سكني,237,26223.02,202.51
2026,1,الرياض,الرياض,المروج,فيلا,سكني,66,109792.04,352.57
2026,1,الرياض,وادي الدواسر,الخماسين الشمالى,شقة,سكني,10,14751,111.7
2026,1,الرياض,عفيف,الوسام,محل,تجاري,2,0,0
2026,1,الرياض,ضرما,الربيع,شقة,سكني,1,24000,120
2026,1,الرياض,الرياض,المونسية,دور,سكني,220,47205.01,221.77
2026,1,الرياض,الرياض,الروابي,معرض تجاري,تجاري,32,0,0
2026,1,الرياض,الدلم,النهضة,محل,تجاري,12,0,0
2026,1,الرياض,ساجر,الخليج,محل,تجاري,17,0,0
2026,1,الرياض,الرياض,منفوحة,محل,تجاري,594,0,0
2026,1,الرياض,الرياض,الجرادية,معرض تجاري,تجاري,3,0,0
2026,1,الرياض,روضة عسعس,روضة عسعس,شقة,سكني,1,6000,100
2026,1,الرياض,وادي الدواسر,المعتلا الجنوبى,شقة,سكني,2,18000,75
2026,1,الرياض,القويعية,مخطط رقم 1039,معرض تجاري,تجاري,1,0,0
2026,1,الرياض,وادي الدواسر,آل ناهش,دور,سكني,1,10000,66.66
2026,1,الرياض,الرياض,النسيم الشرقي,معرض تجاري,تجاري,21,0,0
2026,1,الرياض,الخرج,الملقا,استديو,سكني,8,23700,460.48
2026,1,الرياض,الرياض,المعيزيلة,دور,سكني,41,46163.63,240.78
2026,1,الرياض,جهام,جهام,شقة,سكني,14,12942.85,90.3
2026,1,الرياض,الروضه ومزارعها,الروضه ومزارعها,دور,سكني,1,20400,159.12
2026,1,الرياض,الرياض,العارض,محل,تجاري,456,0,0
2026,1,الرياض,الرياض,معكال,شقة,سكني,49,14374.24,187
2026,1,الرياض,الرياض,ديراب,محل,تجاري,136,0,0
2026,1,الرياض,السليل,الزهراء,محل,تجاري,3,0,0
2026,1,الرياض,الحريق - الحريق,وسط المدينة,محل,تجاري,2,0,0
2026,1,الرياض,عفيف,غرناطة,فيلا,سكني,28,12754.54,39.21
2026,1,الرياض,السليل,الأطوى,شقة,سكني,4,18000,99.86
2026,1,الرياض,الرياض,العقيق,دوبلاكس,سكني,33,235256.65,875.38
2026,1,الرياض,الرياض,القدس,استديو,سكني,24,20411.76,498.94
2026,1,الرياض,مزارع ابو علنده,مزارع ابو علنده,شقة,سكني,1,18000,200
2026,1,الرياض,روضه سدير,الشفاء,دور,سكني,1,16000,144.14
2026,1,الرياض,الرياض,الدحو,شقة,سكني,26,19234.78,192.62
2026,1,الرياض,الزلفي,الأندلس,معرض تجاري,تجاري,2,0,0
2026,1,الرياض,الرياض,الإسكان,دور,سكني,18,37966.66,164
2026,1,الرياض,ارطاوى الرقاص,ارطاوى الرقاص,فيلا,سكني,2,15000,22.25
2026,1,الرياض,جلاجل,الملك فيصل,شقة,سكني,1,13500,135
2026,1,الرياض,المزاحمية,الحزيمية,دور,سكني,8,12333.33,40.87
2026,1,الرياض,عفيف,الفاخرية,دوبلاكس,سكني,2,11300,39.38
2026,1,الرياض,الرياض,النفل,استديو,سكني,47,25970,475.7
2026,1,الرياض,الرياض,العارض,مكتب,تجاري,280,0,0
2026,1,الرياض,الأرطاوية,سلطانة,دور,سكني,1,12000,80
2026,1,الرياض,الرياض,القادسية,فيلا,سكني,36,70896.77,242.9
2026,1,الرياض,الرياض,الرفيعة,دور,سكني,32,48636,185.17
2026,1,الرياض,روضه سدير,الصناعية,شقة,سكني,1,10500,70
2026,1,الرياض,الحريق - الحريق,المدينة الجديدة,شقة,سكني,50,14681.25,91.08
2026,1,الرياض,رماح,التعاون,دور,سكني,3,16333.33,54.41
2026,1,الرياض,الرياض,الزاهر,استديو,سكني,1,15000,100
2026,1,الرياض,القصب,الشفاء,دور,سكني,1,5000,14.28
2026,1,الرياض,الرياض,النفل,مكتب,تجاري,38,0,0
2026,1,الرياض,رماح,المروج,دور,سكني,4,15000,47.23
2026,1,الرياض,الرياض,البديعة,شقة,سكني,960,18026.12,200.06
2026,1,الرياض,الدوادمي,طيبة,مكتب,تجاري,2,0,0
2026,1,الرياض,المجمعة - تمير,الخالدية,فيلا,سكني,2,26000,46.2
2026,1,الرياض,وادي الدواسر,اللدام الجنوبي,شقة,سكني,32,16900,133.26
2026,1,الرياض,الرياض,الوشام,شقة,سكني,671,25222.36,235.1
2026,1,الرياض,الرياض,المدينة الصناعية الجديدة,مكتب,تجاري,38,0,0
2026,1,الرياض,المجمعة - تمير,الخالدية,دور,سكني,6,18200,78.69
2026,1,الرياض,الرياض,الجنادرية,دوبلاكس,سكني,3,44666.66,181.59
2026,1,الرياض,وادي الدواسر,النويعمة,مكتب,تجاري,1,0,0
2026,1,الرياض,الدلم,الناصرية,دور,سكني,9,13428.57,65.47
2026,1,الرياض,الرياض,الفاروق,محل,تجاري,32,0,0
2026,1,الرياض,الدوادمي,العليا,محل,تجاري,3,0,0
2026,1,الرياض,الرياض,الخالدية/الدرعية,معرض تجاري,تجاري,2,0,0
2026,1,الرياض,الرياض,المهدية,شقة,سكني,1145,32201.4,259.44
2026,1,الرياض,الرياض,الخير,استديو,سكني,39,17946.66,849.52
2026,1,الرياض,الرياض,ظهرة لبن,معرض تجاري,تجاري,129,0,0
2026,1,الرياض,الحوميات,الحوميات,فيلا,سكني,1,13000,52
2026,1,الرياض,الرياض,السويدي الغربي,دور,سكني,153,32471.11,144.55
2026,1,الرياض,المزاحمية,نوارة,شقة,سكني,143,20418.93,155.92
2026,1,الرياض,حميان,حميان,شقة,سكني,1,5000,39.02
2026,1,الرياض,شقراء - الحريق,الحريق,شقة,سكني,1,18000,60
2026,1,الرياض,الخرج,السلام,معرض تجاري,تجاري,35,0,0
2026,1,الرياض,الرياض,الدوبية,معرض تجاري,تجاري,1,0,0
2026,1,الرياض,الرياض,عكاظ,استديو,سكني,31,14842.33,298.2
2026,1,الرياض,عفيف,السليمانية,دور,سكني,15,12037.5,50.92
2026,1,الرياض,الخرج,الفيصلية,دور,سكني,60,18197.14,82.9
2026,1,الرياض,الأفلاج,الريان,دور,سكني,1,12000,50
2026,1,الرياض,الدوادمي,مشرفة,شقة,سكني,4,6133.33,34.33
2026,1,الرياض,حوطه سدير,بدر,معرض تجاري,تجاري,2,0,0
2026,1,الرياض,نفى,النهضة,استديو,سكني,1,7000,58.33
2026,1,الرياض,المزاحمية,الأندلس,محل,تجاري,30,0,0
2026,1,الرياض,الدوادمي - ام القطا,ام القطا,فيلا,سكني,1,8000,40
2026,1,الرياض,الرياض,المربع,فيلا,سكني,8,86666.66,230.73
2026,1,الرياض,الرياض,النسيم الغربي,محل,تجاري,902,0,0
2026,1,الرياض,الرياض,الملك فهد,دوبلاكس,سكني,3,65000,266.28
2026,1,الرياض,الخرج,طويق,مكتب,تجاري,2,0,0
2026,1,الرياض,الرياض,العوالي,معرض تجاري,تجاري,70,0,0
2026,1,الرياض,الزلفي,سمنان,فيلا,سكني,1,45000,128.57
2026,1,الرياض,روضه سدير,الفيصلية,دور,سكني,7,9571.42,56.29
2026,1,الرياض,المجمعة,الإسكان,فيلا,سكني,3,26000,85.5
2026,1,الرياض,روضه سدير,الغدير,دور,سكني,5,24500,188.46
2026,1,الرياض,الرياض,سلطانة,محل,تجاري,152,0,0
2026,1,الرياض,حريملاء,النهضة,فيلا,سكني,1,22000,23.57
2026,1,الرياض,الخرج,العفجه,شقة,سكني,9,15514.28,101.66
2026,1,الرياض,المجمعة,الأمير سلطان بن عبدالعزيز,محل,تجاري,11,0,0
2026,1,الرياض,رماح,السلام,محل,تجاري,2,0,0
2026,1,الرياض,المجمعة,اليرموك,مكتب,تجاري,2,0,0
2026,1,الرياض,الرياض,الروضة,مكتب,تجاري,116,0,0
2026,1,الرياض,هجرة بن مشنوطة,هجرة بن مشنوطة,فيلا,سكني,1,50000,63.53
2026,1,الرياض,ساجر,النخيل,معرض تجاري,تجاري,1,0,0
2026,1,الرياض,الغاط,النفل,شقة,سكني,6,10950,101.83
2026,1,الرياض,الرياض,أم الحمام الغربي,دوبلاكس,سكني,1,40600,270.66
2026,1,الرياض,الرياض,الوادي,فيلا,سكني,40,113334.21,361.89
2026,1,الرياض,مزارع غرب وشرق عسيله,مزارع غرب وشرق عسيله,فيلا,سكني,1,20000,133.33
2026,1,الرياض,الرين,نجد,فيلا,سكني,1,10000,16
2026,1,الرياض,ملهم,ملهم,فيلا,سكني,6,43600,136.3
2026,1,الرياض,الرياض,الدوبية,استديو,سكني,2,20150,554.44
2026,1,الرياض,الرياض,البرية,شقة,سكني,55,23848.27,208.42
2026,1,الرياض,وادي الدواسر,اللدام الشمالي,معرض تجاري,تجاري,1,0,0
2026,1,الرياض,المزاحمية,الغطغط,فيلا,سكني,1,60000,75
2026,1,الرياض,الرين,القميش,محل,تجاري,1,0,0
2026,1,الرياض,ام الجماجم,ام الجماجم,شقة,سكني,3,14333.33,83.33
2026,1,الرياض,ساجر,النخيل,دور,سكني,3,8833.33,42.97
2026,1,الرياض,الشعب,الشعب,محل,تجاري,1,0,0
2026,1,الرياض,حوطه بنى تميم,اسفل الباطن الجنوبي,شقة,سكني,1,15000,75
2026,1,الرياض,الرياض,البليدا,شقة,سكني,1,19200,129.44
2026,1,الرياض,الرياض,الملك عبدالعزيز,معرض تجاري,تجاري,8,0,0
2026,1,الرياض,الرياض,ثليم,فيلا,سكني,11,21250,81.22
2026,1,الرياض,ضرما,الريان,مكتب,تجاري,2,0,0
2026,1,الرياض,الرياض,النور,شقة,سكني,158,21497.09,203.33
2026,1,الرياض,ضرما,الخالدية,دور,سكني,1,18000,65.45
2026,1,الرياض,حريملاء,حي ج5,دور,سكني,3,20000,63.51
2026,1,الرياض,الرياض,العريجاء الأوسط,محل,تجاري,317,0,0
2026,1,الرياض,الرياض,الصناعية,دوبلاكس,سكني,1,20000,66.66
2026,1,الرياض,ملهم,ملهم,استديو,سكني,4,14200,159.41
2026,1,الرياض,الرياض,الورود,معرض تجاري,تجاري,57,0,0
2026,1,الرياض,الرياض,الخالدية,دور,سكني,309,28841.16,159.72
2026,1,الرياض,الرياض,النظيم,مكتب,تجاري,10,0,0
2026,1,الرياض,المزاحمية,الهدا,محل,تجاري,48,0,0
2026,1,الرياض,المجمعة,الأمير نايف,استديو,سكني,7,8880,142.4
2026,1,الرياض,جلاجل,الصناعية,محل,تجاري,2,0,0
2026,1,الرياض,المجمعة,المستقبل,معرض تجاري,تجاري,5,0,0
2026,1,الرياض,ضرما,المنتزة,شقة,سكني,3,9000,49.91
2026,1,الرياض,حوطه بنى تميم,نتيقة,شقة,سكني,2,7000,67.72
2026,1,الرياض,الجبيلة,عقرباء,فيلا,سكني,28,73266.66,206.11
2026,1,الرياض,حريملاء,حي ج11,معرض تجاري,تجاري,1,0,0
2026,1,الرياض,المزاحمية,غرناطة,معرض تجاري,تجاري,3,0,0
2026,1,الرياض,الرياض,سدرة,دوبلاكس,سكني,2,90000,400
2026,1,الرياض,الرياض,جامعة الملك سعود,مكتب,تجاري,22,0,0
2026,1,الرياض,عفيف,الغدير,محل,تجاري,37,0,0
2026,1,الرياض,الرياض,الدحو,محل,تجاري,49,0,0
2026,1,الرياض,النظيم ومزارعه,النظيم ومزارعه,شقة,سكني,1,15600,130
2026,1,الرياض,الرياض,الخالدية/الدرعية,مكتب,تجاري,3,0,0
2026,1,الرياض,الرياض,الدحو,استديو,سكني,1,13000,325
2026,1,الرياض,الخرج,طويق,محل,تجاري,138,0,0
2026,1,الرياض,الرياض,الملك عبدالعزيز,فيلا,سكني,26,127833.33,637.57
2026,1,الرياض,الرياض,القيروان,استديو,سكني,91,57226.66,1355.34
2026,1,الرياض,الرياض,الأندلس,معرض تجاري,تجاري,13,0,0
2026,1,الرياض,الأرطاوية,الورود,شقة,سكني,2,21000,225
2026,1,الرياض,جلاجل,الوسطة,محل,تجاري,2,0,0
2026,1,الرياض,الرياض,الضباط,شقة,سكني,1574,34800.38,350.72
2026,1,الرياض,الدلم,الإزدهار,دور,سكني,11,18081.81,76.02
2026,1,الرياض,الرياض,حي_001022142,استديو,سكني,3,21000,217.59
2026,1,الرياض,الرياض,النور,مكتب,تجاري,46,0,0
2026,1,الرياض,القويعية - الرويضة,حى أبا العبلان1,شقة,سكني,1,10000,55.55
2026,1,الرياض,المجمعة,الملك عبدالله,دوبلاكس,سكني,2,18100,109.52
2026,1,الرياض,الرياض,اليمامة,شقة,سكني,1581,15144.25,168.52
2026,1,الرياض,الرياض,شبرا,شقة,سكني,399,20435.03,193.6
2026,1,الرياض,الرياض,جرير,شقة,سكني,1008,27089.36,274.99
2026,1,الرياض,الرياض,نمار,دور,سكني,69,30185.77,166.49
2026,1,الرياض,الرياض,عرقة,شقة,سكني,658,47104.45,346.15
2026,1,الرياض,المزاحمية,الياسمين,شقة,سكني,23,19550,106.12
2026,1,الرياض,وادي الدواسر,القويز,شقة,سكني,36,16450,129.7
2026,1,الرياض,الرياض,غرناطة,معرض تجاري,تجاري,34,0,0
2026,1,الرياض,رماح,الزهور,شقة,سكني,4,13333.33,64.43
2026,1,الرياض,الخرج,السلام,فيلا,سكني,4,28750,98.98
2026,1,الرياض,عفيف,الجزيرة,شقة,سكني,41,17347.82,100.84
2026,1,الرياض,وادي الدواسر,العقيق,محل,تجاري,12,0,0
2026,1,الرياض,الهدار,الهلالي,محل,تجاري,1,0,0
2026,1,الرياض,وادي الدواسر,الورود,شقة,سكني,137,16491.65,111.74
2026,1,الرياض,الزلفي,عريعرة,فيلا,سكني,1,10000,66.66
2026,1,الرياض,الرياض,الوزارات,معرض تجاري,تجاري,20,0,0
2026,1,الرياض,المجمعة,المستشفى الجامعي,محل,تجاري,1,0,0
2026,1,الرياض,الخرج,مشرف,استديو,سكني,51,16184.67,334.39
2026,1,الرياض,المجمعة,الروضة,شقة,سكني,21,14394.73,90.49
2026,1,الرياض,الأفلاج,الجفيدرية,محل,تجاري,63,0,0
2026,1,الرياض,الرياض,المرجان,استديو,سكني,2,28200,512.72
2026,1,الرياض,المزاحمية,الشلال,شقة,سكني,3,23333.33,158.88
2026,1,الرياض,حفيره نساح,حفيره نساح,شقة,سكني,2,26500,108.65
2026,1,الرياض,القويعية,الفيضة,محل,تجاري,5,0,0
2026,1,الرياض,الرياض,النفل,محل,تجاري,105,0,0
2026,1,الرياض,افقرة,افقرة,محل,تجاري,3,0,0
2026,1,الرياض,الرياض,الدار البيضاء,محل,تجاري,524,0,0
2026,1,الرياض,الرياض,الصناعية,فيلا,سكني,3,51000,85.31
2026,1,الرياض,الرياض,الريان,معرض تجاري,تجاري,28,0,0
2026,1,الرياض,الرياض,هيت,مكتب,تجاري,2,0,0
2026,1,الرياض,الجلة,العليا,شقة,سكني,1,18000,90
2026,1,الرياض,الدوادمي,الحرمين,معرض تجاري,تجاري,5,0,0
2026,1,الرياض,القصب,النزهة,شقة,سكني,2,10000,95.83
2026,1,الرياض,رماح,السلام,فيلا,سكني,3,30000,47.75
2026,1,الرياض,الزلفي,الريان,محل,تجاري,1,0,0
2026,1,الرياض,الرياض,الأندلس,فيلا,سكني,27,73178.26,227.39
2026,1,الرياض,الرياض,الرحمانية,فيلا,سكني,94,122429.96,411.07
2026,1,الرياض,مزارع السعيره والاوسط,منطقة مفتوحة تابعة لبلدية الحائر,شقة,سكني,5,16540,147.53
2026,1,الرياض,مزارع العاذريه,مزارع العاذريه,شقة,سكني,1,10200,51
2026,1,الرياض,الرياض,ظهرة لبن,دوبلاكس,سكني,39,39266.66,188.9
2026,1,الرياض,رماح,الإزدهار,محل,تجاري,4,0,0
2026,1,الرياض,حوطه بنى تميم,الصناعية,محل,تجاري,8,0,0
2026,1,الرياض,الرياض,الرفيعة,معرض تجاري,تجاري,2,0,0
2026,1,الرياض,الدوادمي,الدرع,معرض تجاري,تجاري,4,0,0
2026,1,الرياض,الدوادمي,الملك فهد,دوبلاكس,سكني,2,13500,40.17
2026,1,الرياض,وادي الدواسر,الورود,محل,تجاري,8,0,0
2026,1,الرياض,الرياض,ضاحية نمار,دوبلاكس,سكني,2,45000,219.36
2026,1,الرياض,الرياض,الروابي,فيلا,سكني,44,72650,245.87
2026,1,الرياض,الرياض,الملك فيصل,معرض تجاري,تجاري,28,0,0
2026,1,الرياض,الدوادمي - البجادية,الفيصلية,شقة,سكني,3,14000,126.66
2026,1,الرياض,الرياض,الملك عبدالعزيز,دور,سكني,3,32666.66,165.61
2026,1,الرياض,الرياض,المرجان,دور,سكني,10,38177.77,213.87
2026,1,الرياض,الجلة,مزارع الجله,دور,سكني,1,42000,168
2026,1,الرياض,الرياض,الربيع,فيلا,سكني,58,178944.97,664.48
2026,1,الرياض,القويعية - الرويضة,الملك عبدالله,دور,سكني,1,10000,40
2026,1,الرياض,جفن,جفن,محل,تجاري,1,0,0
2026,1,الرياض,القويعية,منطقة استراحات حمد الجبرين,شقة,سكني,1,6000,50
2026,1,الرياض,الرياض,البديعة,فيلا,سكني,36,38731.08,89.91
2026,1,الرياض,الزلفي,الريان,دور,سكني,1,12000,48
2026,1,الرياض,المجمعة,الرفيعة,محل,تجاري,3,0,0
2026,1,الرياض,الرياض,العوالي,دور,سكني,74,32151.56,159.92
2026,1,الرياض,الغاط,غرناطة,شقة,سكني,1,10000,100
2026,1,الرياض,القويعية,الحزم,محل,تجاري,9,0,0
2026,1,الرياض,الرياض,أم الحمام الشرقي,دور,سكني,75,39627.46,294.19
2026,1,الرياض,عفيف,الفاخرية,فيلا,سكني,11,11350,40.88
2026,1,الرياض,الدوادمي,النزهة,شقة,سكني,5,9125,63.26
2026,1,الرياض,الدوادمي - البجادية,الرفيعة,شقة,سكني,1,5000,27.77
2026,1,الرياض,المزاحمية,الورود,محل,تجاري,26,0,0
2026,1,الرياض,الدوادمي,السلام,مكتب,تجاري,1,0,0
2026,1,الرياض,وادي الدواسر,العقيق,شقة,سكني,79,15571.01,113.48
2026,1,الرياض,الدوادمي,القدس,شقة,سكني,39,10135.71,103.8
2026,1,الرياض,الرياض,خشم العان,فيلا,سكني,3,42000,137.99
2026,1,الرياض,الدوادمي,الفيصلية,معرض تجاري,تجاري,1,0,0
2026,1,الرياض,الرياض,المروج,معرض تجاري,تجاري,71,0,0
2026,1,الرياض,المجمعة,الأندلس,استديو,سكني,22,11325,217.45
2026,1,الرياض,عرجاء,عرجاء,شقة,سكني,12,10950,69.89
2026,1,الرياض,الرياض,الشهداء,دوبلاكس,سكني,4,94782.33,383.34
2026,1,الرياض,القويعية,مخطط رقم 995,استديو,سكني,2,12000,400
2026,1,الرياض,القويعية,الربوة,محل,تجاري,24,0,0
2026,1,الرياض,الرياض,الإزدهار,دوبلاكس,سكني,4,82666.66,422.19
2026,1,الرياض,القويعية - الرويضة,الفلاح,شقة,سكني,2,15750,66.39
2026,1,الرياض,الرياض,لبن,استديو,سكني,14,26450,622.44
2026,1,الرياض,حوطه بنى تميم,المصيف,شقة,سكني,1,15600,222.85
2026,1,الرياض,الرياض,ضاحية نمار,فيلا,سكني,16,40072.81,113.17
2026,1,الرياض,الرياض,المشاعل,مكتب,تجاري,4,0,0
2026,1,الرياض,الحماده,الحماده,شقة,سكني,3,17333.33,112.38
2026,1,الرياض,الرياض,النظيم,فيلا,سكني,16,36666.66,132.66
2026,1,الرياض,الرياض,عكاظ,دوبلاكس,سكني,8,30900,124.78
2026,1,الرياض,الرياض,عكاظ,فيلا,سكني,118,43549.01,142.87
2026,1,الرياض,الرياض,جامعة الملك سعود,شقة,سكني,113,30059.51,155.82
2026,1,الرياض,رماح - محطة ساسكو,محطة ساسكو,محل,تجاري,2,0,0
2026,1,الرياض,الدلم,العذار,دور,سكني,2,17500,87.5
2026,1,الرياض,الرياض,المنصورة,معرض تجاري,تجاري,20,0,0
2026,1,الرياض,دقله,دقله,محل,تجاري,1,0,0
2026,1,الرياض,الرياض,الإزدهار,مكتب,تجاري,79,0,0
2026,1,الرياض,حوطه بنى تميم,المجد,استديو,سكني,1,8000,80
2026,1,الرياض,الرياض,عتيقة,دور,سكني,94,16607.27,110.88
2026,1,الرياض,الرياض,المروج,دوبلاكس,سكني,9,54125,239.4
2026,1,الرياض,بطاحة,بطاحة,محل,تجاري,1,0,0
2026,1,الرياض,الهياثم,مشرفة,شقة,سكني,34,17832.29,138.97
2026,1,الرياض,الارطاوي,الارطاوي,محل,تجاري,2,0,0
2026,1,الرياض,الزلفي,الفيصلية,معرض تجاري,تجاري,1,0,0
2026,1,الرياض,المزاحمية,الشلال,محل,تجاري,2,0,0
2026,1,الرياض,شبيرمه,شبيرمه,محل,تجاري,1,0,0
2026,1,الرياض,المجمعة,المستقبل,شقة,سكني,82,17053.01,138.39
2026,1,الرياض,الزلفي,الندى,شقة,سكني,6,13400,103.39
2026,1,الرياض,حلبان,الزهور,شقة,سكني,2,12500,47.3
2026,1,الرياض,الرياض,سكيرينة,دور,سكني,10,21642.85,190.56
2026,1,الرياض,الخرج,الهدا,استديو,سكني,1,13200,132
2026,1,الرياض,حريملاء,القرينة القديمة,شقة,سكني,1,20000,200
2026,1,الرياض,الرياض,شبرا,دور,سكني,169,30455.24,138.2
2026,1,الرياض,جلاجل,البلدة القديمة,محل,تجاري,1,0,0
2026,1,الرياض,وادي الدواسر,آل عريمة,شقة,سكني,1,6000,75
2026,1,الرياض,الرياض,الهدا,دوبلاكس,سكني,3,62000,410.59
2026,1,الرياض,القحز,القحز,شقة,سكني,1,14000,116.66
2026,1,الرياض,الرياض,السفارات,معرض تجاري,تجاري,2,0,0
2026,1,الرياض,الرياض,العماجية,شقة,سكني,5,17000,161.41
2026,1,الرياض,الرياض,الملقا,دوبلاكس,سكني,56,73450.05,360.58
2026,1,الرياض,رماح,الورود,محل,تجاري,9,0,0
2026,1,الرياض,الأفلاج,الأندلس,دور,سكني,1,25200,84
2026,1,الرياض,الرياض,الغدير,معرض تجاري,تجاري,11,0,0
2026,1,الرياض,السيباني,مركز السيباني (أ),دور,سكني,1,12000,93.66
2026,1,الرياض,الرياض,ظهره العودة غرب,استديو,سكني,8,28071.42,304.51
2026,1,الرياض,أشيقر,مخطط رقم 247,شقة,سكني,4,14250,104.64
2026,1,الرياض,عفيف,النخيل,فيلا,سكني,7,11040,41.21
2026,1,الرياض,الرياض,الدار البيضاء,معرض تجاري,تجاري,47,0,0
2026,1,الرياض,الدوادمي,الحرمين,محل,تجاري,17,0,0
2026,1,الرياض,شقراء,الملك عبدالله,دور,سكني,2,12000,83.33
2026,1,الرياض,الخرج,الجامعة,دور,سكني,12,24840,103.79
2026,1,الرياض,الخرج,الورود,دور,سكني,25,22976.19,100.52
2026,1,الرياض,حوطه سدير,النهضة,شقة,سكني,18,13285.71,95.95
2026,1,الرياض,الغاط,الياسمين,شقة,سكني,14,10618.18,70.89
2026,1,الرياض,ضرما,مزارع الخبراء,شقة,سكني,1,17500,87.5
2026,1,الرياض,القويعية,الصناعية,محل,تجاري,1,0,0
2026,1,الرياض,المجمعة,المستشفى الجامعي,شقة,سكني,2,17250,135.83
2026,1,الرياض,الحريق - الربواء,الربواء,شقة,سكني,1,18000,180
2026,1,الرياض,المجمعة - تمير,الخليج,محل,تجاري,1,0,0
2026,1,الرياض,روضه سدير,الغدير,فيلا,سكني,1,14000,56
2026,1,الرياض,الزلفي,الملك سلمان,محل,تجاري,5,0,0
2026,1,الرياض,الرياض,الدحو,دور,سكني,1,10000,50
2026,1,الرياض,الأرطاوية,الورود,محل,تجاري,2,0,0
2026,1,الرياض,روضه سدير,الغدير,محل,تجاري,4,0,0
2026,1,الرياض,ضرما,الورود,شقة,سكني,21,19000,98.88
2026,1,الرياض,الجبيلة,نجد,محل,تجاري,3,0,0
2026,1,الرياض,الجبيلة,عقرباء,معرض تجاري,تجاري,1,0,0
2026,1,الرياض,القصب,النهضة,شقة,سكني,3,9333.33,46.11
2026,1,الرياض,الرياض,المرسلات,معرض تجاري,تجاري,72,0,0
2026,1,الرياض,الدوادمي,الخالدية,فيلا,سكني,18,12680,41.67
2026,1,الرياض,رويغب,رويغب,شقة,سكني,5,8600,83.17
2026,1,الرياض,الخرج,السيح,شقة,سكني,226,11479.27,107.89
2026,1,الرياض,مرات,كميت,شقة,سكني,2,9500,79.16
2026,1,الرياض,الرياض,الحزم,دوبلاكس,سكني,15,28816.66,160.91
2026,1,الرياض,الهمجه,الهمجه,شقة,سكني,1,18000,100
2026,1,الرياض,الزلفي,علقة,دور,سكني,3,11666.66,66.79
2026,1,الرياض,الهدار,الفيحاء,فيلا,سكني,1,500000,555.55
2026,1,الرياض,الرين,القادسية,دور,سكني,1,18000,107.99
2026,1,الرياض,الرياض,الخير,معرض تجاري,تجاري,4,0,0
2026,1,الرياض,الرياض,العزيزية,استديو,سكني,82,14091,340.06
2026,1,الرياض,حريملاء,حي ج14,شقة,سكني,2,10500,71.34
2026,1,الرياض,مشذوبه,مشذوبه,شقة,سكني,2,8400,99.83
2026,1,الرياض,الجبيلة,العين,دور,سكني,1,25000,125
2026,1,الرياض,الهياثم,الرفيعة,شقة,سكني,3,17333.33,96.66
2026,1,الرياض,الرياض,العليا,فيلا,سكني,248,110688.31,388.92
2026,1,الرياض,الرياض,المونسية,دوبلاكس,سكني,48,154064.18,776.79
2026,1,الرياض,الرياض,الياسمين,دوبلاكس,سكني,55,66204.91,345
2026,1,الرياض,الزلفي,الفاروق,محل,تجاري,88,0,0
2026,1,الرياض,الرياض,الفاخرية,شقة,سكني,66,23759.58,201.39
2026,1,الرياض,الخرج,طويق,استديو,سكني,63,14244.16,303.83
2026,1,الرياض,الخرج,اليرموك,فيلا,سكني,9,27933.33,71.5
2026,1,الرياض,مرات,العزيزية,شقة,سكني,4,11875,106.56
2026,1,الرياض,عفيف,السليمانية,فيلا,سكني,4,13000,46.23
2026,1,الرياض,الرياض,العود,شقة,سكني,675,16622.69,175.34
2026,1,الرياض,الهدار,المصيف,دور,سكني,1,60000,300
2026,1,الرياض,مرات,السبخة,دور,سكني,2,45000,112.5
2026,1,الرياض,الرياض,العريجاء الأوسط,دوبلاكس,سكني,6,39900,193.15
2026,1,الرياض,الرياض,المؤتمرات,محل,تجاري,17,0,0
2026,1,الرياض,الرياض,النخيل,مكتب,تجاري,123,0,0
2026,1,الرياض,الدوادمي - البجادية,البلد,شقة,سكني,14,12833.33,104.51
2026,1,الرياض,الدلم,زميقة,دور,سكني,2,6750,42.05
2026,1,الرياض,شقراء,الملك عبدالله,استديو,سكني,3,9500,155.55
2026,1,الرياض,الرياض,السفارات,استديو,سكني,6,86250,1905.88
2026,1,الرياض,الفاخريه (المنبوزه),الفاخريه (المنبوزه),شقة,سكني,2,18000,225
2026,1,الرياض,المجمعة - تمير,الملك عبدالله,شقة,سكني,7,18750,125
2026,1,الرياض,الجبيلة,عقرباء,دوبلاكس,سكني,1,33000,183.33
2026,1,الرياض,الرياض,الفيحاء,مكتب,تجاري,53,0,0
2026,1,الرياض,الزلفي,القدس,شقة,سكني,23,8411.76,74.41
2026,1,الرياض,الأفلاج,الملك فهد,دور,سكني,23,12352.94,56.22
2026,1,الرياض,القويعية,الجفونية,محل,تجاري,7,0,0
2026,1,الرياض,النهتية الجديدة,مخطط آل سلطان,شقة,سكني,1,18000,100
2026,1,الرياض,ضرما,البديع الغربي,معرض تجاري,تجاري,1,0,0
2026,1,الرياض,الهياثم,العسيلة,فيلا,سكني,1,26500,132.5
2026,1,الرياض,شقراء,القارة,استديو,سكني,1,8000,114.28
2026,1,الرياض,الرياض,الوادي,استديو,سكني,46,22295.42,522.8
2026,1,الرياض,الخرج,العيون,محل,تجاري,17,0,0
2026,1,الرياض,الرياض,صياح,معرض تجاري,تجاري,22,0,0
2026,1,الرياض,الرياض,ديراب,معرض تجاري,تجاري,1,0,0
2026,1,الرياض,الرياض,المروة,استديو,سكني,6,13700,375.71
2026,1,الرياض,الرياض,الصفاء,استديو,سكني,6,12780,695.25
2026,1,الرياض,الرياض,غرناطة,فيلا,سكني,67,136563.18,487
2026,1,الرياض,الرياض,الزهراء,مكتب,تجاري,113,0,0
2026,1,الرياض,الرياض,الملز,استديو,سكني,158,19572.76,556.6
2026,1,الرياض,ضرما,العزيزية,شقة,سكني,27,16488.23,126.31
2026,1,الرياض,الرياض,حطين,محل,تجاري,152,0,0
2026,1,الرياض,الرياض,طويق,استديو,سكني,253,17228.09,374.26
2026,1,الرياض,الرياض,العمل,شقة,سكني,776,19486.61,219.38
2026,1,الرياض,الرياض,المصفاة,محل,تجاري,54,0,0
2026,1,الرياض,الزلفي,القدس,محل,تجاري,10,0,0
2026,1,الرياض,السليل,النخيل,محل,تجاري,17,0,0
2026,1,الرياض,القويعية,منطقة استراحات حمد الجبرين,محل,تجاري,1,0,0
2026,1,الرياض,مزارع البطين ومزرعه دواجن,قصور ال مقبل,شقة,سكني,14,17492.3,109.84
2026,1,الرياض,حوطه بنى تميم,التضامن,محل,تجاري,2,0,0
2026,1,الرياض,الرياض,النزهة,استديو,سكني,19,15477.77,453.37
2026,1,الرياض,المزاحمية,نوارة,دوبلاكس,سكني,1,32400,162
2026,1,الرياض,ضرما,جو,شقة,سكني,14,20400,107.18
2026,1,الرياض,الرياض,العمل,معرض تجاري,تجاري,102,0,0
2026,1,الرياض,الارطاويه الشماليه,الارطاويه الشماليه,فيلا,سكني,1,18000,140.49
2026,1,الرياض,الرياض,السويدي الغربي,مكتب,تجاري,31,0,0
2026,1,الرياض,عفيف,الحزم,محل,تجاري,2,0,0
2026,1,الرياض,الرياض,الملك سلمان,فيلا,سكني,44,144766.51,311.61
2026,1,الرياض,ثادق,الجامعة,دور,سكني,3,15000,75
2026,1,الرياض,الرياض,النسيم الغربي,استديو,سكني,275,15533.56,531.97
2026,1,الرياض,القصب,النهضة,محل,تجاري,1,0,0
2026,1,الرياض,ضرما,الديرة,شقة,سكني,4,12999.75,84.99
2026,1,الرياض,الرياض,أم سليم,دور,سكني,26,19745.54,145.74
2026,1,الرياض,الرين,الغريبية,شقة,سكني,3,18000,153.58
2026,1,الرياض,حريملاء,الروضة,دور,سكني,4,22833.33,100.97
2026,1,الرياض,مزارع العلاوه وماحولها,مزارع العلاوه وماحولها,محل,تجاري,1,0,0
2026,1,الرياض,الخرج,غياضة,دور,سكني,1,25000,83.33
2026,1,الرياض,رماح,الواحة,محل,تجاري,13,0,0
2026,1,الرياض,الدوادمي,الفيصلية,شقة,سكني,63,8128.72,89.37
2026,1,الرياض,الرياض,الملك فيصل,محل,تجاري,282,0,0
2026,1,الرياض,الرياض,الملك عبدالله,شقة,سكني,180,40977.98,321.32
2026,1,الرياض,الحريق - الحريق,الشرمان,دور,سكني,2,6000,33.41
2026,1,الرياض,الرياض,النفل,شقة,سكني,703,39098.75,355.63
2026,1,الرياض,الرياض,الدار البيضاء,فيلا,سكني,65,35339.28,124.79
2026,1,الرياض,الرياض,المربع,استديو,سكني,74,26676.66,720.47
2026,1,الرياض,الرياض,الغدير,مكتب,تجاري,55,0,0
2026,1,الرياض,الرياض,جرير,معرض تجاري,تجاري,2,0,0
2026,1,الرياض,الرياض,الربوة,محل,تجاري,232,0,0
2026,1,الرياض,الدوادمي,السنبلة,محل,تجاري,1,0,0
2026,1,الرياض,المزاحمية,الصقورية,فيلا,سكني,2,62000,281.81
2026,1,الرياض,مزارع البطين ومزرعه دواجن,منطقة مفتوحة تابعة لبلدية نمار,شقة,سكني,1,21600,135
2026,1,الرياض,الرياض,المعذر,استديو,سكني,19,23485.71,652.8
2026,1,الرياض,الدوادمي,الحرمين,استديو,سكني,1,8000,200
2026,1,الرياض,الحريق - الحريق,المدينة الجديدة,دور,سكني,9,10571.42,43.76
2026,1,الرياض,الرياض,عريض,محل,تجاري,34,0,0
2026,1,الرياض,الرياض,المعذر الشمالي,فيلا,سكني,34,134458.33,460.97
2026,1,الرياض,الرياض,العارض,استديو,سكني,201,28231.13,609.08
2026,1,الرياض,الرياض,المحمدية,معرض تجاري,تجاري,43,0,0
2026,1,الرياض,القعره,القعره,شقة,سكني,2,18000,104.36
2026,1,الرياض,الرياض,البيان,استديو,سكني,157,24415,650.48
2026,1,الرياض,الزلفي,اليرموك,محل,تجاري,15,0,0
2026,1,الرياض,الرياض,الملز,دور,سكني,169,42548.66,254.95
2026,1,الرياض,الرياض,النسيم الغربي,مكتب,تجاري,47,0,0
2026,1,الرياض,الرياض,الديرة,محل,تجاري,804,0,0
2026,1,الرياض,عفيف,الصناعية الأولى,شقة,سكني,1,4500,30
2026,1,الرياض,الرياض,قرطبة,دور,سكني,137,54422.46,248.38
2026,1,الرياض,حوطه سدير,العزيزية,فيلا,سكني,4,33000,162
2026,1,الرياض,الرياض,البيان,شقة,سكني,685,28433.39,251.35
2026,1,الرياض,ثادق,اليرموك,محل,تجاري,3,0,0
2026,1,الرياض,روضه سدير,الحزم,محل,تجاري,2,0,0
2026,1,الرياض,الخرج,الفيصلية,محل,تجاري,114,0,0
2026,1,الرياض,حوطه سدير,الياسمين,شقة,سكني,9,14687.5,111.15
2026,1,الرياض,الريشيه,الريشيه,شقة,سكني,1,18000,60
2026,1,الرياض,الارطاويه الشماليه,الارطاويه الشماليه,شقة,سكني,1,6000,60
2026,1,الرياض,الخرج,الخالدية,محل,تجاري,167,0,0
2026,1,الرياض,وادي الدواسر,الحنابجة,شقة,سكني,2,18000,150
2026,1,الرياض,الفايزيه ال هجاج,الفايزيه ال هجاج,شقة,سكني,1,18000,60
2026,1,الرياض,الرياض,المعذر,فيلا,سكني,28,175353.5,594.69
2026,1,الرياض,الرياض,عكاظ,دور,سكني,151,35173.01,171.5
2026,1,الرياض,الرياض,جامعة الملك سعود,معرض تجاري,تجاري,12,0,0
2026,1,الرياض,الخرج,العالية,شقة,سكني,89,16201.94,117.8
2026,1,الرياض,الرياض,اليرموك,مكتب,تجاري,135,0,0
2026,1,الرياض,حوطه سدير,الخطامه,محل,تجاري,6,0,0
2026,1,الرياض,وادي الدواسر,أم سمرة,شقة,سكني,2,10800,80
2026,1,الرياض,الرياض,عليشة,دور,سكني,23,36729.16,174.44
2026,1,الرياض,وادي الدواسر,الزويراء,شقة,سكني,12,16666.66,110.5
2026,1,الرياض,الرياض,البيان,معرض تجاري,تجاري,11,0,0
2026,1,الرياض,الدوادمي,السلام,شقة,سكني,75,8837.24,71.06
2026,1,الرياض,الرياض,النرجس,محل,تجاري,284,0,0
2026,1,الرياض,الرياض,مطار الملك خالد الدولي,شقة,سكني,54,33269.04,278.1
2026,1,الرياض,مزارع اسفل القويعيه,أمجاد (مزارع امجاد),شقة,سكني,1,18000,140.4
2026,1,الرياض,الرياض,الحائر,شقة,سكني,120,16457.98,117.92
2026,1,الرياض,عفيف,الضباب,محل,تجاري,12,0,0
2026,1,الرياض,القويعية,الزهور,استديو,سكني,2,8500,70.83
2026,1,الرياض,الخرج,الخالدية,دور,سكني,79,23410.6,83.36
2026,1,الرياض,الجلة,مخطط رقم 0941,محل,تجاري,2,0,0
2026,1,الرياض,الدوادمي,السنبلة,فيلا,سكني,9,11200,40.34
2026,1,الرياض,الجمش,مخطط رقم 242,محل,تجاري,1,0,0
2026,1,الرياض,شقراء,الغدير,شقة,سكني,16,16454.54,120.18
2026,1,الرياض,الهياثم,المسيل,محل,تجاري,2,0,0
2026,1,الرياض,الرياض,الشهداء,استديو,سكني,10,21500,691.49
2026,1,الرياض,حريملاء,القرينة الجديدة,شقة,سكني,6,17916.66,141.8
2026,1,الرياض,مزارع البطين ومزرعه دواجن,قصور ال مقبل,فيلا,سكني,1,42000,140
2026,1,الرياض,الرياض,المرجان,محل,تجاري,2,0,0
2026,1,الرياض,الرياض,النخيل,دوبلاكس,سكني,15,95680,449.03
2026,1,الرياض,عفيف,إشبيلية,محل,تجاري,50,0,0
2026,1,الرياض,الرياض,الخير,شقة,سكني,52,22811.11,157.79
2026,1,الرياض,الرياض,الزهرة,شقة,سكني,652,20707.21,191.81
2026,1,الرياض,الدوادمي,الدرع,دور,سكني,8,14571.42,81.24
2026,1,الرياض,ساجر,الأندلس,فيلا,سكني,2,24500,43.25
2026,1,الرياض,حريملاء,السد,شقة,سكني,12,16600,132.48
2026,1,الرياض,الرياض,الروضة,استديو,سكني,56,17613.04,362.77
2026,1,الرياض,حريملاء,النخيل,مكتب,تجاري,2,0,0
2026,1,الرياض,الرياض,الملك عبدالله,فيلا,سكني,44,124907.89,430.18
2026,1,الرياض,الجبيلة,العين,استديو,سكني,2,6500,208.33
2026,1,الرياض,الرياض,ضاحية نمار,دور,سكني,79,23251.61,86.77
2026,1,الرياض,الخرج,السهباء,محل,تجاري,11,0,0
2026,1,الرياض,الرياض,الزاهر,شقة,سكني,3,22333.33,223.8
2026,1,الرياض,المحمديه,المحمديه,شقة,سكني,2,15017.5,120.79
2026,1,الرياض,القويعية,مخطط رقم 985,دور,سكني,2,12500,50
2026,1,الرياض,الهياثم,المسيل,شقة,سكني,6,8166.66,63.76
2026,1,الرياض,وادي الدواسر,الزويراء,محل,تجاري,1,0,0
2026,1,الرياض,الدلم,مخطط 543,دور,سكني,2,16000,93.52
2026,1,الرياض,رماح,الجمالين,دور,سكني,1,15000,37.5
2026,1,الرياض,حريملاء,حي ج2,دور,سكني,4,22500,86.07
2026,1,الرياض,أوثيلان,أوثيلان,شقة,سكني,15,10720,74.52
2026,1,الرياض,السليل,الديرة,شقة,سكني,79,10813.49,76.79
2026,1,الرياض,خيران,خيران,شقة,سكني,14,12857.14,76.55
2026,1,الرياض,المجمعة,المطار,فيلا,سكني,2,25000,76.92
2026,1,الرياض,ثادق,مخطط الاراض البيضاء2,شقة,سكني,2,6000,40.78
2026,1,الرياض,الرياض,الريان,فيلا,سكني,26,113413.19,254.57
2026,1,الرياض,وادي الدواسر,العزيزية,شقة,سكني,5,18000,135.6
2026,1,الرياض,الجريفه,الجريفه,محل,تجاري,2,0,0
2026,1,الرياض,عفيف,السليمانية,محل,تجاري,23,0,0
2026,1,الرياض,الخرج,السيح,دور,سكني,21,18852.94,118.4
2026,1,الرياض,القويعية,البساتين,محل,تجاري,3,0,0
2026,1,الرياض,المزاحمية,الشلال,فيلا,سكني,1,24000,53.33
2026,1,الرياض,رماح,المنار,استديو,سكني,3,6800,296.33
2026,1,الرياض,الرياض,القدس,دوبلاكس,سكني,5,50000,286.93
2026,1,الرياض,مرات,المدرجية,شقة,سكني,10,8112,85.25
2026,1,الرياض,الخرج,الزاهر,دور,سكني,3,16400,89.21
2026,1,الرياض,شقراء,الملك عبدالله,محل,تجاري,1,0,0
2026,1,الرياض,الرياض,المربع,دور,سكني,35,31400,192.32
2026,1,الرياض,العامريه (العرضان),العامريه (العرضان),محل,تجاري,1,0,0
2026,1,الرياض,المزاحمية,وسيلة,دور,سكني,3,44291.66,232.31
2026,1,الرياض,الرياض,العوالي,فيلا,سكني,37,46690.25,158.9
2026,1,الرياض,المزاحمية,العليا,شقة,سكني,55,19155,130.51
2026,1,الرياض,السليل,ج4,شقة,سكني,1,18000,60
2026,1,الرياض,الرياض,الصالحية,محل,تجاري,78,0,0
2026,1,الرياض,شقراء,الروضة,مكتب,تجاري,3,0,0
2026,1,الرياض,الرياض,الفيصلية,معرض تجاري,تجاري,70,0,0
2026,1,الرياض,الحريق - الحريق,الشبانان,شقة,سكني,2,14000,77.77
2026,1,الرياض,الرياض,الورود,مكتب,تجاري,99,0,0
2026,1,الرياض,الرياض,العاصمة,محل,تجاري,16,0,0
2026,1,الرياض,القويعية - الرويضة,السليمانية,دور,سكني,1,20000,71.42
2026,1,الرياض,مشاش السهول,مشاش السهول,شقة,سكني,2,10000,95.83
2026,1,الرياض,الجبيلة,الواحة,دور,سكني,8,29371.42,193.43
2026,1,الرياض,حوطه سدير,المروج,شقة,سكني,1,15000,125
2026,1,الرياض,الرياض,السلي,محل,تجاري,400,0,0
2026,1,الرياض,الخرج,العدامة,فيلا,سكني,1,20000,64.1
2026,1,الرياض,الرياض,قرطبة,مكتب,تجاري,128,0,0
2026,1,الرياض,روضه سدير,ج20,شقة,سكني,3,12000,126.94
2026,1,الرياض,الجلة,تبراك,محل,تجاري,4,0,0
2026,1,الرياض,وادي الدواسر,القيروان,شقة,سكني,36,16237.5,105.54
2026,1,الرياض,الرياض,المحمدية,محل,تجاري,52,0,0
2026,1,الرياض,الصغو,الصغو,شقة,سكني,1,18000,120
2026,1,الرياض,الرياض,الوزارات,دور,سكني,37,25259.25,210.5
2026,1,الرياض,الرياض,الفيصلية/الدرعية,معرض تجاري,تجاري,2,0,0
2026,1,الرياض,الدوادمي,الديرة,استديو,سكني,1,5000,208.33
2026,1,الرياض,ثادق,الخالدية الشرقي,محل,تجاري,3,0,0
2026,1,الرياض,الدوادمي - البجادية,التسعين,شقة,سكني,3,13383.33,111.52
2026,1,الرياض,عفيف,الدانة,دور,سكني,1,18000,77.62
2026,1,الرياض,الرياض,ظهرة لبن,محل,تجاري,757,0,0
2026,1,الرياض,السليل,الشفاء,دور,سكني,7,18000,102.51
2026,1,الرياض,المجمعة,الملك عبدالله,دور,سكني,13,23600,138.59
2026,1,الرياض,الزلفي,حطين,استديو,سكني,6,7750,124.4
2026,1,الرياض,جلاجل,الجزر,شقة,سكني,1,6200,62
2026,1,الرياض,الرياض,الرحمانية,استديو,سكني,3,34166.66,1020.63
2026,1,الرياض,المزاحمية,الريف,دور,سكني,6,28666.66,127.05
2026,1,الرياض,الرياض,القيروان,دور,سكني,75,64495.53,271.46
2026,1,الرياض,الرياض,التعاون,فيلا,سكني,19,105428.57,360.75
2026,1,الرياض,الرياض,أم سليم,فيلا,سكني,5,18800,61.79
2026,1,الرياض,الأفلاج,العزيزية,شقة,سكني,11,8800,59.07
2026,1,الرياض,الرياض,الفلاح,مكتب,تجاري,4,0,0
2026,1,الرياض,المجمعة,الملك فهد,استديو,سكني,136,12533.96,360.25
2026,1,الرياض,الرياض,المعذر,محل,تجاري,34,0,0
2026,1,الرياض,ساجر,الصناعية,معرض تجاري,تجاري,3,0,0
2026,1,الرياض,كساره الهزاني-منوة,كساره الهزاني-منوة,شقة,سكني,1,18000,120
2026,1,الرياض,الرياض,المصيف,شقة,سكني,1223,34304.99,352.11
2026,1,الرياض,الدوادمي,النهضة,شقة,سكني,50,12855.55,92.91
2026,1,الرياض,الهياثم,العسيلة,محل,تجاري,13,0,0
2026,1,الرياض,الرقيبه,الرقيبه,شقة,سكني,1,18000,60
2026,1,الرياض,الرياض,الروضة,شقة,سكني,1643,30346.91,276.93
2026,1,الرياض,الزلفي,القادسية,استديو,سكني,1,9000,70.15
2026,1,الرياض,المجمعة,الملك عبدالعزيز,استديو,سكني,4,7500,164.07
2026,1,الرياض,الخرج,البدع,محل,تجاري,9,0,0
2026,1,الرياض,الرياض,مطار الملك خالد الدولي,دور,سكني,5,53750,214.31
2026,1,الرياض,الرياض,سكيرينة,استديو,سكني,38,8511.11,354.97
2026,1,الرياض,الأفلاج,الفيصلية,شقة,سكني,7,15857.14,110.7
2026,1,الرياض,الخرج,طويق,شقة,سكني,677,14208.09,104.01
2026,1,الرياض,الخرج,العدامة,استديو,سكني,1,12000,100
2026,1,الرياض,الرياض,الملك عبدالله,محل,تجاري,6,0,0
2026,1,الرياض,الرياض,منفوحة,دور,سكني,96,18169.13,154.09
2026,1,الرياض,الغاط,الزهور,محل,تجاري,2,0,0
2026,1,الرياض,مرات,الصحن,محل,تجاري,1,0,0
2026,1,الرياض,الهياثم,مشرفة,دور,سكني,10,20025,83.86
2026,1,الرياض,الرياض,الياسمين,محل,تجاري,154,0,0
2026,1,الرياض,الرياض,الأندلس,دور,سكني,114,46895.87,213.72
2026,1,الرياض,المزاحمية,الورود,استديو,سكني,1,9000,360
2026,1,الرياض,المجمعة,الملك فهد,دور,سكني,6,11166.66,42.91
2026,1,الرياض,روضه سدير,الفيصلية,محل,تجاري,3,0,0
2026,1,الرياض,السليل - البطين,البطين,شقة,سكني,1,15000,125
2026,1,الرياض,الزلفي,القدس,فيلا,سكني,1,11000,55
2026,1,الرياض,مرات,العزيزية,محل,تجاري,7,0,0
2026,1,الرياض,الرياض,منفوحة الجديدة,فيلا,سكني,17,19130.76,92.04
2026,1,الرياض,الرياض,الناصرية,استديو,سكني,6,17200,732.8
2026,1,الرياض,حوطه سدير,الشفاء,محل,تجاري,1,0,0
2026,1,الرياض,عفيف,التنيبيكيه,محل,تجاري,1,0,0
2026,1,الرياض,جلاجل,الشعيبة,دور,سكني,4,8000,39.05
2026,1,الرياض,هجرة الزهوه والبيان,الرياض,محل,تجاري,2,0,0
2026,1,الرياض,الرياض,جبرة,استديو,سكني,4,10166.66,421.52
2026,1,الرياض,الدلم,مخطط 476,شقة,سكني,1,8000,80
2026,1,الرياض,الرياض,عكاظ,معرض تجاري,تجاري,7,0,0
2026,1,الرياض,القويعية,مخطط رقم 913,دور,سكني,4,17500,93.33
2026,1,الرياض,ساجر,النهضة,شقة,سكني,44,12204.54,89.18
2026,1,الرياض,الرياض,السلي,دور,سكني,38,34660.71,197.18
2026,1,الرياض,الرياض,الحمراء,دوبلاكس,سكني,1,38000,253.33
2026,1,الرياض,الدوادمي,الصناعية,محل,تجاري,10,0,0
2026,1,الرياض,الرديفه,الرديفه,شقة,سكني,1,15600,78
2026,1,الرياض,الدوادمي,السلام,استديو,سكني,1,5000,83.33
2026,1,الرياض,الرياض,السفارات,محل,تجاري,20,0,0
2026,1,الرياض,الهدار,الوداعين,شقة,سكني,1,10000,66.66
2026,1,الرياض,مرات,الخالدية,فيلا,سكني,1,12000,54.54
2026,1,الرياض,الدلم,زميقة,شقة,سكني,4,14000,105
2026,1,الرياض,حوطه بنى تميم,السلام,مكتب,تجاري,1,0,0
2026,1,الرياض,الرياض,مطار الملك خالد الدولي,دوبلاكس,سكني,1,45000,168.33
2026,1,الرياض,الدوادمي - البجادية,البلد,محل,تجاري,3,0,0
2026,1,الرياض,شقراء,الديرة,محل,تجاري,1,0,0
2026,1,الرياض,الرياض,إشبيلية,شقة,سكني,2185,31975.56,289.32
2026,1,الرياض,وادي الدواسر,الرويساء,دور,سكني,1,16000,50
2026,1,الرياض,القصب,الشفاء,شقة,سكني,2,10000,50
2026,1,الرياض,الرياض,غبيرا,معرض تجاري,تجاري,10,0,0
2026,1,الرياض,الدوادمي,السلام,محل,تجاري,17,0,0
2026,1,الرياض,الخرج,اليمامة,محل,تجاري,24,0,0
2026,1,الرياض,الحصاة,الضبية,شقة,سكني,1,18000,60
2026,1,الرياض,الدوادمي,الحرمين,فيلا,سكني,2,11500,32
2026,1,الرياض,مرات,الملك فهد,شقة,سكني,2,13250,74.67
2026,1,الرياض,الدوادمي,الدرع,شقة,سكني,40,12892.3,98.3
2026,1,الرياض,الرياض,المشاعل,استديو,سكني,103,23750,398.75
2026,1,الرياض,شقراء,الروابي,دور,سكني,26,16305.26,91.11
2026,1,الرياض,القراره,القراره,شقة,سكني,3,6333.33,79.16
2026,1,الرياض,المزاحمية,وسيلة,محل,تجاري,8,0,0
2026,1,الرياض,الرياض,سلام,شقة,سكني,45,16028.2,186.57
2026,1,الرياض,الدلم,زميقة,محل,تجاري,1,0,0
2026,1,الرياض,الزلفي,عريعرة,محل,تجاري,5,0,0
2026,1,الرياض,سلطانه,سلطانه,شقة,سكني,1,18000,100
2026,1,الرياض,الدوادمي,الواحة,محل,تجاري,11,0,0
2026,1,الرياض,الرياض,المرسلات,دوبلاكس,سكني,1,72000,360
2026,1,الرياض,عفيف,اليمامة,محل,تجاري,3,0,0
2026,1,الرياض,رماح,الواحة,استديو,سكني,1,4800,240
2026,1,الرياض,الرياض,الملز,شقة,سكني,3299,30351.75,302.11
2026,1,الرياض,الرياض,الخالدية,محل,تجاري,321,0,0
2026,1,الرياض,الجمش - حديجه,حديجه,شقة,سكني,1,18000,116.12
2026,1,الرياض,رماح,النزهة,دور,سكني,3,14666.66,50.97
2026,1,الرياض,عشيرة سدير,عشيرة سدير,استديو,سكني,1,9000,70.15
2026,1,الرياض,الشعب,الشعب,دور,سكني,1,6000,34.78
2026,1,الرياض,وادي الدواسر,الصالحية,شقة,سكني,55,14989.36,107.18
2026,1,الرياض,المجمعة,الجامعيين,معرض تجاري,تجاري,2,0,0
2026,1,الرياض,حوطه بنى تميم,القويع,شقة,سكني,5,11800,118.87
2026,1,الرياض,القويعية - الرويضة,المصيف,محل,تجاري,1,0,0
2026,1,الرياض,الخرج,النهضة,معرض تجاري,تجاري,10,0,0
2026,1,الرياض,الرياض,عليشة,معرض تجاري,تجاري,3,0,0
2026,1,الرياض,الهدار,البرقة,شقة,سكني,3,11750,95.83
2026,1,الرياض,المزاحمية,المروج,محل,تجاري,21,0,0
2026,1,الرياض,شقراء,الغدير,محل,تجاري,6,0,0
2026,1,الرياض,ضرما,الورود,محل,تجاري,8,0,0
2026,1,الرياض,الحنابج,الحنابج,شقة,سكني,1,12000,85.71
2026,1,الرياض,الرياض,ظهرة العودة شرق,فيلا,سكني,5,93750,431.25
2026,1,الرياض,الأرطاوية,سلطانة,شقة,سكني,37,13988.88,96.47
2026,1,الرياض,الأفلاج,المبرز,محل,تجاري,2,0,0
2026,1,الرياض,الرياض,جرير,دوبلاكس,سكني,1,120000,352.48
2026,1,الرياض,الرياض,الرائد,شقة,سكني,272,51101.04,448.07
2026,1,الرياض,الدوادمي,السلام,دور,سكني,19,12637.5,50.31
2026,1,الرياض,الرياض,جرير,فيلا,سكني,33,72678.57,271.34
2026,1,الرياض,الرياض,السويدي,فيلا,سكني,30,49412.54,162.86
2026,1,الرياض,الرياض,المروج,محل,تجاري,198,0,0
2026,1,الرياض,الزلفي,الصديق,معرض تجاري,تجاري,1,0,0
2026,1,الرياض,سنام,سنام,شقة,سكني,2,10000,54.9
2026,1,الرياض,الرياض,المنار,استديو,سكني,43,17470.76,496.7
2026,1,الرياض,الرياض,السليمانية,محل,تجاري,182,0,0
2026,1,الرياض,فيضه سلام,فيضه سلام,شقة,سكني,1,14400,96
2026,1,الرياض,الدوادمي,الريان,استديو,سكني,1,8000,66.66
2026,1,الرياض,الرياض,الروابي,دوبلاكس,سكني,7,47416.66,164.92
2026,1,الرياض,الرياض,الورود,شقة,سكني,1460,33231.04,319.12
2026,1,الرياض,الحيانية,حي الحيانية الشمالية,شقة,سكني,2,18000,90.9
2026,1,الرياض,الرياض,الدريهمية,محل,تجاري,77,0,0
2026,1,الرياض,وادي الدواسر,القويز,محل,تجاري,10,0,0
2026,1,الرياض,الخرج,الجامعة,دوبلاكس,سكني,7,25714.28,104.23
2026,1,الرياض,الدوادمي - الخالديه,الخالديه,شقة,سكني,1,7500,50
2026,1,الرياض,الأفلاج,غصيبة,محل,تجاري,56,0,0
2026,1,الرياض,وادي الدواسر,الولامين,شقة,سكني,25,15543.47,127.76
2026,1,الرياض,الرياض,ديراب,مكتب,تجاري,2,0,0
2026,1,الرياض,الرياض,القيروان,محل,تجاري,109,0,0
2026,1,الرياض,شقراء,النسيم,دور,سكني,1,12500,69.44
2026,1,الرياض,القويعية,الديرة,شقة,سكني,3,18000,64
2026,1,الرياض,حوطه سدير,الشبيلية2,فيلا,سكني,1,8000,53.33
2026,1,الرياض,الرياض,المصيف,فيلا,سكني,55,80755.55,341.47
2026,1,الرياض,الدلم,السلام,شقة,سكني,11,12590.9,85.8
2026,1,الرياض,الرياض,الصحافة,مكتب,تجاري,181,0,0
2026,1,الرياض,عفيف,اليمامة,دور,سكني,6,9600,42.57
2026,1,الرياض,الرياض,البشائر,محل,تجاري,1,0,0
2026,1,الرياض,الغاط,النفل,دور,سكني,1,12000,60
2026,1,الرياض,الدلم,الصحنة,فيلا,سكني,1,18000,60
2026,1,الرياض,حوطه سدير,عوده سدير,دور,سكني,4,11625,47.7
2026,1,الرياض,الزلفي,المنتزة,شقة,سكني,1,14000,93.33
2026,1,الرياض,الرياض,الياسمين,دور,سكني,344,61723.45,268.98
2026,1,الرياض,المجمعة,اليرموك,معرض تجاري,تجاري,1,0,0
2026,1,الرياض,الرياض,المرسلات,فيلا,سكني,87,150839.43,564.4
2026,1,الرياض,عفيف,الوسام,شقة,سكني,11,12290,87.96
2026,1,الرياض,أشيقر,مخطط رقم 956,شقة,سكني,1,13000,144.44
2026,1,الرياض,الرياض,الزهرة,محل,تجاري,247,0,0
2026,1,الرياض,الرياض,السلي,مكتب,تجاري,76,0,0
2026,1,الرياض,الحريق - الحريق,المفيجر,دور,سكني,1,30000,200
2026,1,الرياض,الرياض,ضاحية نمار,معرض تجاري,تجاري,3,0,0
2026,1,الرياض,الجبيلة,عقرباء,استديو,سكني,5,21500,300.67
2026,1,الرياض,الرياض,عرقة,فيلا,سكني,35,113891.3,367.4
2026,1,الرياض,المزاحمية,طويق,فيلا,سكني,1,40000,126.98
2026,1,الرياض,السيح الشمالى,السيح الشمالى,شقة,سكني,1,35000,291.66
2026,1,الرياض,الرياض,الزهراء,شقة,سكني,506,54240.55,433.07
2026,1,الرياض,رماح,الياسمين,شقة,سكني,7,16157.14,121.92
2026,1,الرياض,الدوادمي,القدس,محل,تجاري,47,0,0
2026,1,الرياض,الرياض,النسيم الغربي,معرض تجاري,تجاري,74,0,0
2026,1,الرياض,الرياض,الدوبية,شقة,سكني,68,15612.92,178.96
2026,1,الرياض,مرات,العزيزية,فيلا,سكني,1,10000,50
2026,1,الرياض,الارطاوي الجديد,الارطاوي الجديد,شقة,سكني,1,17000,113.33
2026,1,الرياض,ساجر,النخيل,شقة,سكني,5,13000,90.14
2026,1,الرياض,رماح,الخزامى,شقة,سكني,8,13933.33,71.51
2026,1,الرياض,الرياض,حي_001022142,مكتب,تجاري,1,0,0
2026,1,الرياض,حوطه بنى تميم,المجد,محل,تجاري,5,0,0
2026,1,الرياض,الهياثم,النهضة,محل,تجاري,19,0,0
2026,1,الرياض,الرياض,الملز,مكتب,تجاري,420,0,0
2026,1,الرياض,السليل,الملك عبدالعزيز,شقة,سكني,17,15173.33,106.12
2026,1,الرياض,القويعية,مخطط رقم 985,شقة,سكني,8,10642.85,72.66
2026,1,الرياض,الأحمر,المثالية,محل,تجاري,1,0,0
2026,1,الرياض,شقراء,النزهة,دور,سكني,4,22666.66,150.41
2026,1,الرياض,حريملاء,النهضة,محل,تجاري,16,0,0
2026,1,الرياض,الحريق - الحريق,المدينة الجديدة,محل,تجاري,10,0,0
2026,1,الرياض,الرياض,الناصرية,مكتب,تجاري,4,0,0
2026,1,الرياض,المجمعة,الفيحاء,معرض تجاري,تجاري,1,0,0
2026,1,الرياض,شقراء,النسيم,شقة,سكني,3,20400,204
2026,1,الرياض,القويعية,مخطط رقم 1083,دور,سكني,7,15714.28,84.43
2026,1,الرياض,الرياض,المشاعل,محل,تجاري,181,0,0
2026,1,الرياض,الرياض,المشرق,محل,تجاري,5,0,0
2026,1,الرياض,شقراء,الرحبة,فيلا,سكني,1,36000,120
2026,1,الرياض,الرياض,طيبة,شقة,سكني,168,22746.92,204.82
2026,1,الرياض,وادي الدواسر,آل عويمر,محل,تجاري,5,0,0
2026,1,الرياض,عفيف,الريان,دور,سكني,5,9986.6,38.48
2026,1,الرياض,الحريق - الحريق,الحزيمية,محل,تجاري,2,0,0
2026,1,الرياض,الرياض,الخزامى,شقة,سكني,60,50983.12,472.74
2026,1,الرياض,وادي الدواسر,الخماسين الجنوبي,محل,تجاري,13,0,0
2026,1,الرياض,الرياض,خشم العان,استديو,سكني,1,14400,480
2026,1,الرياض,الرياض,الربيع,دور,سكني,46,58063.94,270.12
2026,1,الرياض,الرياض,السلام,مكتب,تجاري,17,0,0
2026,1,الرياض,الرياض,المؤتمرات,شقة,سكني,57,41912.5,369.79
2026,1,الرياض,الرياض,السليمانية,معرض تجاري,تجاري,111,0,0
2026,1,الرياض,السليل,الروضة,دور,سكني,6,20700,78.59
2026,1,الرياض,الدوادمي,السلام,فيلا,سكني,4,13750,40.62
2026,1,الرياض,ابو جلال,ابو جلال,محل,تجاري,1,0,0
2026,1,الرياض,الرياض,النهضة,استديو,سكني,123,17987.69,317.38
2026,1,الرياض,القويعية,البساتين,شقة,سكني,11,11150,107.26
2026,1,الرياض,وادي الدواسر,اللدام الشمالي,فيلا,سكني,1,25000,125
2026,1,الرياض,الرياض,الضباط,معرض تجاري,تجاري,8,0,0
2026,1,الرياض,الرياض,الياسمين,استديو,سكني,76,26880,499.02
2026,1,الرياض,الغاط,الزهور,شقة,سكني,9,12500,101.68
2026,1,الرياض,رماح,الإزدهار,دور,سكني,1,25500,199.03
2026,1,الرياض,ساجر,الصناعية,شقة,سكني,1,5000,50
2026,1,الرياض,الرياض,الرفيعة,فيلا,سكني,36,109849.51,247.77
2026,1,الرياض,الزبارة,الزبارة,شقة,سكني,2,15750,102.08
2026,1,الرياض,الرياض,طويق,دور,سكني,711,32249.8,125.15
2026,1,الرياض,مرات,الملك فهد,محل,تجاري,2,0,0
2026,1,الرياض,الخرج,العقيق,معرض تجاري,تجاري,4,0,0
2026,1,الرياض,الرياض,الفيصلية/الدرعية,مكتب,تجاري,13,0,0
2026,1,الرياض,الرياض,البليدا,محل,تجاري,4,0,0
2026,1,الرياض,المجمعة,الإسكان,شقة,سكني,20,19720,137.77
2026,1,الرياض,حوطه بنى تميم,زياد,دور,سكني,1,5000,33.33
2026,1,الرياض,القصب,النزهة,دور,سكني,1,12000,54.54
2026,1,الرياض,الرياض,منفوحة,معرض تجاري,تجاري,111,0,0
2026,1,الرياض,الرياض,ثليم,محل,تجاري,441,0,0
2026,1,الرياض,حريملاء,النهضة,مكتب,تجاري,2,0,0
2026,1,الرياض,الرياض,سلطانة,دور,سكني,87,27817.76,132.27
2026,1,الرياض,ضرما,المعارض,شقة,سكني,2,15500,93.79
2026,1,الرياض,المجمعة,الفيحاء,استديو,سكني,34,15418.18,360.26
2026,1,الرياض,الرياض,الوزارات,استديو,سكني,25,15333.33,443.31
2026,1,الرياض,حوطه سدير,الشبيلية2,استديو,سكني,1,9000,100
2026,1,الرياض,عفيف,السليمانية,استديو,سكني,1,12000,100
2026,1,الرياض,القويعية - الخيس,الخيس,شقة,سكني,1,18000,116.12
2026,1,الرياض,الخرج,السيح,مكتب,تجاري,1,0,0
2026,1,الرياض,القويعية - الرويضة,السليمانية,محل,تجاري,1,0,0
2026,1,الرياض,الرياض,النفل,معرض تجاري,تجاري,19,0,0
2026,1,الرياض,حله جريس,حله جريس,شقة,سكني,2,6000,40
2026,1,الرياض,شقراء,الروضة,محل,تجاري,52,0,0
2026,1,الرياض,الخرج,مشرف,محل,تجاري,127,0,0
2026,1,الرياض,القويعية,المروج,شقة,سكني,26,13968.42,98.75
2026,1,الرياض,الخرج,السلمية,شقة,سكني,7,14071.42,97.12
2026,1,الرياض,المزاحمية,الحزم,دور,سكني,2,15000,120
2026,1,الرياض,الرياض,ديراب,استديو,سكني,5,8700,199.5
2026,1,الرياض,الخرج,العالية,دور,سكني,4,16750,59.87
2026,1,الرياض,سديرى بن حقان الوسطى,سديرى بن حقان الوسطى,شقة,سكني,3,18000,118.7
2026,1,الرياض,الخرج,اليرموك,مكتب,تجاري,1,0,0
2026,1,الرياض,ضرما,جو,دور,سكني,3,13333.33,84.87
2026,1,الرياض,ضرما,الريان,استديو,سكني,1,11400,228
2026,1,الرياض,الخرج,المدينة الصناعية بالخرج,محل,تجاري,7,0,0
2026,1,الرياض,الخرج,السهباء,استديو,سكني,10,10200,298.41
2026,1,الرياض,حريملاء,القرينة الجديدة,محل,تجاري,1,0,0
2026,1,الرياض,الرياض,القادسية,دوبلاكس,سكني,4,51000,255.22
2026,1,الرياض,الجبيلة,الوادي,شقة,سكني,2,20900,170.25
2026,1,الرياض,الرياض,العقيق,شقة,سكني,2358,44800.82,399.21
2026,1,الرياض,الزلفي,الخزامى,معرض تجاري,تجاري,1,0,0
2026,1,الرياض,الرياض,المدينة الصناعية الجديدة,فيلا,سكني,8,93000,155
2026,1,الرياض,الأفلاج,الجفيدرية,شقة,سكني,2,8250,68.12
2026,1,الرياض,الرياض,الحمراء,مكتب,تجاري,107,0,0
2026,1,الرياض,الصالحيه,الصالحيه,شقة,سكني,1,12000,120
2026,1,الرياض,عفيف,فيضه عفيف,دور,سكني,1,10000,66.66
2026,1,الرياض,المجمعة - تمير,العزيزية,شقة,سكني,28,14050,112.03
2026,1,الرياض,الرياض,الغدير,دوبلاكس,سكني,1,100000,581.09
2026,1,الرياض,مخطط الصفرات الجديد,مخطط الصفرات الجديد,شقة,سكني,2,10175,93.41
2026,1,الرياض,رماح,النخيل,فيلا,سكني,7,26666.66,43.71
2026,1,الرياض,رماح,حي مخطط  الاراضي الحكوميه,دور,سكني,2,22800,65.14
2026,1,الرياض,السليل,الديرة,فيلا,سكني,1,15000,83.33
2026,1,الرياض,الرياض,الملك فيصل,فيلا,سكني,16,66781.81,168.49
2026,1,الرياض,الرياض,النظيم,محل,تجاري,507,0,0
2026,1,الرياض,الخرج,النهضة,فيلا,سكني,12,30200,81.01
2026,1,الرياض,الرياض,السلام,دوبلاكس,سكني,3,50133.33,238.53
2026,1,الرياض,ثادق,اليرموك,شقة,سكني,4,8500,77.07
2026,1,الرياض,المزاحمية,الغطغط,شقة,سكني,7,34000,305.54
2026,1,الرياض,القصب,الخالدية,محل,تجاري,2,0,0
2026,1,الرياض,ثادق,العزيزية,محل,تجاري,3,0,0
2026,1,الرياض,الخرج,مناطق خاصة,دور,سكني,2,20500,101.19
2026,1,الرياض,حريملاء,الديرة,شقة,سكني,8,10750,97.5
2026,1,الرياض,الرياض,الإزدهار,محل,تجاري,82,0,0
2026,1,الرياض,الرياض,النسيم الغربي,فيلا,سكني,58,53943.39,133.57
2026,1,الرياض,الرياض,الوادي,دوبلاكس,سكني,4,56250,237.57
2026,1,الرياض,الهياثم,مشرفة,محل,تجاري,2,0,0
2026,1,الرياض,الرياض,المرقب,استديو,سكني,536,10341.65,425.85
2026,1,الرياض,الرياض,غبيرا,محل,تجاري,256,0,0
2026,1,الرياض,الرياض,العود,مكتب,تجاري,6,0,0
2026,1,الرياض,الخرج,فرزان,شقة,سكني,24,14300,95.66
2026,1,الرياض,القويعية - الرويضة,النزهة,دور,سكني,1,14000,44.87
2026,1,الرياض,الرياض,المرجان,شقة,سكني,21,31268.42,290.75
2026,1,الرياض,شقراء,الروضة,فيلا,سكني,5,15250,31.33
2026,1,الرياض,الرياض,السفارات,مكتب,تجاري,20,0,0
2026,1,الرياض,الدلم,الصناعية,شقة,سكني,6,9680,79.53
2026,1,الرياض,القويعية,الربوة,دور,سكني,14,14733.33,79.73
2026,1,الرياض,الرياض,الجنادرية,استديو,سكني,52,18748.16,361.42
2026,1,الرياض,أشيقر,مخطط رقم 571 - مخطط رقم 928,شقة,سكني,1,6000,42.85
2026,1,الرياض,الرياض,جرير,مكتب,تجاري,24,0,0
2026,1,الرياض,الغاط,النخيل,فيلا,سكني,1,12000,60
2026,1,الرياض,الدوادمي,الصناعية,استديو,سكني,1,6500,108.33
2026,1,الرياض,الجبيلة,العين,محل,تجاري,10,0,0
2026,1,الرياض,الدلم,الناصرية,فيلا,سكني,7,15300,48.47
2026,1,الرياض,الرياض,الملك سلمان,استديو,سكني,47,36600,776.95
2026,1,الرياض,الرياض,النرجس,معرض تجاري,تجاري,106,0,0
2026,1,الرياض,وادي الدواسر,آل عويمر,دور,سكني,1,18000,129.49
2026,1,الرياض,المزاحمية,الراشدية,دور,سكني,1,36000,107.26
2026,1,الرياض,الخرج,فرزان,دور,سكني,3,12000,66.03
2026,1,الرياض,الغالبية,الغالبية,محل,تجاري,1,0,0
2026,1,الرياض,الرياض,النخبة,شقة,سكني,4,17400,188.25
2026,1,الرياض,القويعية,الضريب,محل,تجاري,4,0,0
2026,1,الرياض,الدلم,الصحنة,شقة,سكني,29,11907.14,86.82
2026,1,الرياض,الدوادمي,الروضة,دور,سكني,9,14025,77.95
2026,1,الرياض,المجمعة,الأندلس,فيلا,سكني,1,28000,56
2026,1,الرياض,الدوادمي,النهضة,دوبلاكس,سكني,3,19200,99.98
2026,1,الرياض,حوطه بنى تميم,التضامن,شقة,سكني,6,9000,80.29
2026,1,الرياض,مساوى,مساوى,شقة,سكني,1,18000,150
2026,1,الرياض,الحزم والبطينه,الحزم والبطينه,فيلا,سكني,1,20000,66.66
2026,1,الرياض,الرياض,العاصمة,استديو,سكني,3,10000,125
2026,1,الرياض,الدوادمي,الروضة,فيلا,سكني,1,18000,51.42
2026,1,الرياض,الرياض,بدر,دور,سكني,689,30250.4,143.06
2026,1,الرياض,حربه,حربه,شقة,سكني,1,16500,86.84
2026,1,الرياض,مرات,الديرة القديمة,شقة,سكني,6,6066.66,55.88
2026,1,الرياض,الرين,قبيبان,دور,سكني,1,12000,49.76
2026,1,الرياض,الزلفي,اليمامة,شقة,سكني,41,8717.85,85.58
2026,1,الرياض,وادي الدواسر,النويعمة,شقة,سكني,74,15810.76,128.38
2026,1,الرياض,عفيف,الفاخرية,دور,سكني,11,11866.66,48.76
2026,1,الرياض,براحه المفرق,براحه المفرق,شقة,سكني,3,13000,87.14
2026,1,الرياض,روضه سدير,النخيل,شقة,سكني,1,15500,103.33
2026,1,الرياض,الرياض,الجنادرية,دور,سكني,210,40631.28,173.74
2026,1,الرياض,الهدار,المرزوقية,شقة,سكني,1,18000,100
2026,1,الرياض,الخرج,الرفاع,محل,تجاري,3,0,0
2026,1,الرياض,الخرج,البساتين,دور,سكني,6,12000,108
2026,1,الرياض,الأفلاج,الورود,شقة,سكني,8,15050,120.88
2026,1,الرياض,المزاحمية,الورود,دور,سكني,8,26071.42,108.09
2026,1,الرياض,عفيف,الحزم,شقة,سكني,20,15192.85,94.31
2026,1,الرياض,الزلفي,الملك سلمان,فيلا,سكني,2,14000,50.97
2026,1,الرياض,الرياض,القادسية,شقة,سكني,1697,29500.24,262.77
2026,1,الرياض,وادي الدواسر,الشرافا,دور,سكني,3,21933.33,72.92
2026,1,الرياض,الخرج,الفيصلية,دوبلاكس,سكني,2,23500,105.5
2026,1,الرياض,المجمعة - تمير,الخالدية,دوبلاكس,سكني,1,19000,95
2026,1,الرياض,الرياض,أم الحمام الشرقي,استديو,سكني,37,16193.54,448.78
2026,1,الرياض,الرياض,طيبة,فيلا,سكني,34,43692.85,168.72
2026,1,الرياض,ال حفيان,سدير جمل,دور,سكني,1,25000,83.33
2026,1,الرياض,الرياض,الهدا,فيلا,سكني,51,255738.58,834.29
2026,1,الرياض,الرياض,ظهرة العودة شرق,دوبلاكس,سكني,3,38666.66,152.92
2026,1,الرياض,الرياض,النرجس,شقة,سكني,3988,49524.23,402.24
2026,1,الرياض,المجمعة,الملك عبدالعزيز,دوبلاكس,سكني,1,12000,48
2026,1,الرياض,الجمش,مخطط رقم 62,فيلا,سكني,1,15000,100
2026,1,الرياض,الرياض,مغرزات,فيلا,سكني,21,79588.23,242.91
2026,1,الرياض,الرياض,الصفاء,مكتب,تجاري,38,0,0
2026,1,الرياض,الرين,الشموع,محل,تجاري,1,0,0
2026,1,الرياض,الرياض,جامعة الملك سعود,فيلا,سكني,103,68490.25,181.56
2026,1,الرياض,الأفلاج,الريان,شقة,سكني,3,7000,56.66
2026,1,الرياض,الرياض,الندى,شقة,سكني,391,57216.16,474.99
2026,1,الرياض,الرياض,الحائر,فيلا,سكني,3,25666.66,82.73
2026,1,الرياض,الغاط,المصيف,شقة,سكني,4,10850,77.69
2026,1,الرياض,المجمعة,الروضة,محل,تجاري,11,0,0
2026,1,الرياض,الرياض,عتيقة,شقة,سكني,1050,15330.25,169.82
2026,1,الرياض,الخرج,النهضة,شقة,سكني,639,13278.21,103.57
2026,1,الرياض,الدوادمي - البجادية,الأمير سلطان,دور,سكني,2,11000,49.41
2026,1,الرياض,عفيف,التنيبيكيه,شقة,سكني,3,18000,151.45
2026,1,الرياض,الرياض,المنصورة,محل,تجاري,299,0,0
2026,1,الرياض,الخرج,الثليماء,محل,تجاري,1,0,0
2026,1,الرياض,الدوادمي,الخليج,دور,سكني,3,10833.33,39.83
2026,1,الرياض,الخرج,السلام,دور,سكني,86,15546.43,88.81
2026,1,الرياض,الزلفي,الخالدية,محل,تجاري,47,0,0
2026,1,الرياض,الرياض,عريض,مكتب,تجاري,1,0,0
2026,1,الرياض,حلبان,الخرائق,شقة,سكني,1,18000,150
2026,1,الرياض,مرات,مانح,شقة,سكني,3,8200,60.22
2026,1,الرياض,الرياض,نمار,محل,تجاري,48,0,0
2026,1,الرياض,المزاحمية,الشلال,استديو,سكني,2,18000,90
2026,1,الرياض,روضه سدير,الحزم,شقة,سكني,2,13000,72.66
2026,1,الرياض,الرياض,المرجان,فيلا,سكني,1,85000,226.66
2026,1,الرياض,هجره الذيبيه وخضراء,هجره الذيبيه وخضراء,محل,تجاري,15,0,0
2026,1,الرياض,الرياض,المصانع,محل,تجاري,315,0,0
2026,1,الرياض,البير,البير,شقة,سكني,4,8250,61.64
2026,1,الرياض,الدوادمي,القدس,دوبلاكس,سكني,1,10000,57.14
2026,1,الرياض,المزاحمية,الجامعة,محل,تجاري,2,0,0
2026,1,الرياض,حريملاء,حي ج9,شقة,سكني,5,14160,130.52
2026,1,الرياض,الرياض,الياسمين,مكتب,تجاري,268,0,0
2026,1,الرياض,الخبي,الخبي,شقة,سكني,1,25000,250
2026,1,الرياض,الرياض,الملقا,محل,تجاري,175,0,0
2026,1,الرياض,الرياض,النظيم,شقة,سكني,1383,21426.55,177.97
2026,1,الرياض,مرات,الفيصلية,شقة,سكني,5,13000,102.08
2026,1,الرياض,الهياثم,النهضة,شقة,سكني,57,14431.25,126.14
2026,1,الرياض,الدوادمي,الريان,دور,سكني,43,15879.41,51.23
2026,1,الرياض,جلاجل,الشعيبة,محل,تجاري,1,0,0
2026,1,الرياض,روضه ذياب (قريقرا),مركز مصدة,شقة,سكني,3,15800,103.64
2026,1,الرياض,الدوادمي,الديرة,معرض تجاري,تجاري,1,0,0
2026,1,الرياض,الدلم,الناصرية,شقة,سكني,33,11965,89.7
2026,1,الرياض,الرياض,الديرة,استديو,سكني,49,13663.33,301.48
2026,1,الرياض,الدلم,سدير,شقة,سكني,3,10666.66,58.19
2026,1,الرياض,الرياض,مغرزات,محل,تجاري,62,0,0
2026,1,الرياض,الرياض,طويق,دوبلاكس,سكني,44,38440,179.83
2026,1,الرياض,السليل,الروضة,شقة,سكني,142,13864.54,86.56
2026,1,الرياض,الدوادمي - البجادية,الملك فهد,شقة,سكني,12,8800,63.8
2026,1,الرياض,سروره,سروره,شقة,سكني,3,9266.66,66
2026,1,الرياض,ثادق,الجامعة,شقة,سكني,15,9763.63,85.37
2026,1,الرياض,الرياض,سلام,فيلا,سكني,2,38500,144.77
2026,1,الرياض,الرياض,القيروان,معرض تجاري,تجاري,53,0,0
2026,1,الرياض,القويعية - الرويضة,الربوة,دور,سكني,3,14333.33,53.33
2026,1,الرياض,ضرما,الأندلس,محل,تجاري,1,0,0
2026,1,الرياض,شقراء,الورود,استديو,سكني,12,10085.71,300.55
2026,1,الرياض,السليل,النخيل,شقة,سكني,77,11809.39,72.24
2026,1,الرياض,ساجر,الأندلس,محل,تجاري,31,0,0
2026,1,الرياض,الحريق - الحريق,العثمانية,دور,سكني,1,18000,72
2026,1,الرياض,المحمديه,المحمديه,محل,تجاري,1,0,0
2026,1,الرياض,الرياض,البرية,دور,سكني,6,37600,155.5
2026,1,الرياض,الزلفي,الروضة,شقة,سكني,4,8800,62.5
2026,1,الرياض,الدوادمي,طيبة,استديو,سكني,1,8400,84
2026,1,الرياض,الرياض,الملك فيصل,استديو,سكني,49,20118.91,422.57
2026,1,الرياض,الدوادمي,الصحافة,شقة,سكني,2,11562.5,90.9
2026,1,الرياض,الرياض,الثليما,دور,سكني,1,35000,175
2026,1,الرياض,الزلفي,الخليج,دور,سكني,2,7500,37.5
2026,1,الرياض,الرياض,الخالدية,فيلا,سكني,24,37062.5,111.02
2026,1,الرياض,الشيديه,الشيديه,شقة,سكني,5,13000,78.85
2026,1,الرياض,المجمعة - ام سدره,ام سدره,شقة,سكني,2,11500,67.38
2026,1,الرياض,الدوادمي,الواحة,شقة,سكني,23,10536.84,96.44
2026,1,الرياض,الرياض,الضباط,فيلا,سكني,26,81019.56,230.2
2026,1,الرياض,الرياض,المصفاة,فيلا,سكني,1,220000,367.89
2026,1,الرياض,الدوادمي,النهضة,دور,سكني,14,12854.54,66.15
2026,1,الرياض,الشهباء,الشهباء,شقة,سكني,1,18000,180
2026,1,الرياض,شقراء,مزارع المطار,شقة,سكني,1,18000,90
2026,1,الرياض,شقراء,الروضة,دوبلاكس,سكني,1,12000,93.66
2026,1,الرياض,الرياض,الروضة,فيلا,سكني,56,77113.97,250.98
2026,1,الرياض,القويعية,مخطط رقم 913,شقة,سكني,4,9000,71.5
2026,1,الرياض,ثادق,الجامعة,فيلا,سكني,1,12000,28.11
2026,1,الرياض,وادي الدواسر,الورود,استديو,سكني,38,14271.42,425
2026,1,الرياض,القويعية,أم سريحة,محل,تجاري,1,0,0
2026,1,الرياض,الجمش - البديعه,البديعه,شقة,سكني,1,12000,120
2026,1,الرياض,هذالات,هذالات,محل,تجاري,1,0,0
2026,1,الرياض,جلاجل,النموذجية,دور,سكني,5,13675,54.04
2026,1,الرياض,القويعية,منطقة المستودعات,محل,تجاري,2,0,0
2026,1,الرياض,ثادق,الفيصلية,دور,سكني,4,9125,41.34
2026,1,الرياض,جلاجل,الوسطة,شقة,سكني,1,9000,60
2026,1,الرياض,الغريزيه,الغريزيه,دور,سكني,1,45000,351.23
2026,1,الرياض,الرياض,المعذر,دور,سكني,22,41157.89,296.92
2026,1,الرياض,القويعية - الرويضة,الخالدية,شقة,سكني,1,14000,175
2026,1,الرياض,الرياض,عرقة,مكتب,تجاري,33,0,0
2026,1,الرياض,لجعه,لجعه,دور,سكني,1,18000,140.49
2026,1,الرياض,الرياض,غرناطة,مكتب,تجاري,83,0,0
2026,1,الرياض,الرياض,المروة,شقة,سكني,274,20790.32,196.26
2026,1,الرياض,القويعية - الرويضة,الملك عبدالعزيز,دور,سكني,3,8350,44.16
2026,1,الرياض,الرياض,الشرفية,استديو,سكني,16,13357.14,398.74
2026,1,الرياض,رماح,حي مخطط  الاراضي الحكوميه,فيلا,سكني,3,24000,60
2026,1,الرياض,الرياض,الإزدهار,استديو,سكني,50,24806.25,488.63
2026,1,الرياض,حوطه بنى تميم,الحزم,شقة,سكني,6,12100,81.13
2026,1,الرياض,الرياض,سدرة,فيلا,سكني,199,109530.11,428.28
2026,1,الرياض,الغاط,النخيل,محل,تجاري,15,0,0
2026,1,الرياض,الرياض,الوسيطاء,مكتب,تجاري,14,0,0
2026,1,الرياض,الرياض,السلام,محل,تجاري,177,0,0
2026,1,الرياض,حريملاء,حي ج13,دور,سكني,1,18000,90
2026,1,الرياض,ماسل,ماسل,شقة,سكني,2,18000,120
2026,1,الرياض,الرياض,معكال,فيلا,سكني,2,30000,234.1
2026,1,الرياض,حديجه,حديجه,شقة,سكني,1,18000,116.12
2026,1,الرياض,الرياض,عرقة,معرض تجاري,تجاري,13,0,0
2026,1,الرياض,القويعية,الربوة,استديو,سكني,4,9433.33,260.66
2026,1,الرياض,شقراء,الشفاء - القارة,دوبلاكس,سكني,1,27000,135
2026,1,الرياض,الرياض,الزهراء,معرض تجاري,تجاري,20,0,0
2026,1,الرياض,الرياض,الشميسي,فيلا,سكني,10,22444.44,75.16
2026,1,الرياض,بدائع الدلابحة,مخطط رقم 232,شقة,سكني,2,7000,53.25
2026,1,الرياض,الرين,قبيبان,شقة,سكني,1,18000,180
2026,1,الرياض,الرياض,الملك فهد,معرض تجاري,تجاري,74,0,0
2026,1,الرياض,عفيف,النهضة,دور,سكني,3,8266.66,59.77
2026,1,الرياض,الرياض,المنار,شقة,سكني,486,32219.76,280.75
2026,1,الرياض,الرياض,الفيحاء,محل,تجاري,189,0,0
2026,1,الرياض,مزارع خروب,مزارع خروب,محل,تجاري,1,0,0
2026,1,الرياض,الرياض,العقيق,استديو,سكني,248,31209.22,754.29
2026,1,الرياض,حوطه سدير,الحلة الطالعية,محل,تجاري,15,0,0
2026,1,الرياض,ضرما,الهدا,محل,تجاري,2,0,0
2026,1,الرياض,الرياض,المرقب,شقة,سكني,526,15367.51,171.25
2026,1,الرياض,الرياض,المعذر الشمالي,دور,سكني,11,76857.14,377.16
2026,1,الرياض,حوطه سدير,النهضة,فيلا,سكني,1,25000,100
2026,1,الرياض,ابو جلال,ابو جلال,شقة,سكني,9,12062.5,101.14
2026,1,الرياض,هجرة الفريده والعليا,هجرة الفريده والعليا,شقة,سكني,1,18000,120
2026,1,الرياض,الرياض,الشرفية,دور,سكني,60,28957.65,191.5
2026,1,الرياض,عفيف,التنيبيكيه,دور,سكني,1,10000,25
2026,1,الرياض,المزاحمية,نوارة,دور,سكني,35,30450,105.95
2026,1,الرياض,الدوادمي,القدس,دور,سكني,14,11635.41,69.48
2026,1,الرياض,القويعية,مخطط رقم 985,معرض تجاري,تجاري,1,0,0
2026,1,الرياض,الدوادمي,الحرمين,دوبلاكس,سكني,1,21000,63.41
2026,1,الرياض,ساجر,الريان,شقة,سكني,6,13600,93
2026,1,الرياض,المزاحمية,الواحة,شقة,سكني,3,21333.33,165.2
2026,1,الرياض,القويعية - جلاله,ج7,شقة,سكني,3,11000,65
2026,1,الرياض,اوضاخ,اوضاخ,دور,سكني,1,5000,12.5
2026,1,الرياض,الحصاة,آل حمد,شقة,سكني,1,18000,60
2026,1,الرياض,حوطه بنى تميم,الكريس,شقة,سكني,4,20000,174.58
2026,1,الرياض,الرياض,المصانع,استديو,سكني,224,21427.14,1071.35
2026,1,الرياض,الأفلاج,العزيزية,دور,سكني,4,7000,25.32
2026,1,الرياض,الرياض,النظيم,استديو,سكني,19,11800,179.01
2026,1,الرياض,عفيف,مشرفة الضليعي,شقة,سكني,1,8000,53.33
2026,1,الرياض,حريملاء,حي ج4,شقة,سكني,3,7500,62.39
2026,1,الرياض,الرياض,البيان,مكتب,تجاري,1,0,0
2026,1,الرياض,الرياض,العقيق,فيلا,سكني,37,144104.16,461.7
2026,1,الرياض,البديع,البديع الشمالي,دور,سكني,3,8000,46.66
2026,1,الرياض,الرياض,الغدير,فيلا,سكني,26,236578.94,627.67
2026,1,الرياض,القويعية,مخطط رقم 995,شقة,سكني,13,11900,88.85
2026,1,الرياض,الحريق - الحريق,البلدية,محل,تجاري,6,0,0
2026,1,الرياض,الرياض,الفوطة,شقة,سكني,709,26413.48,259.54
2026,1,الرياض,حوطه سدير,العزيزية,محل,تجاري,9,0,0
2026,1,الرياض,الزلفي,النهضة,شقة,سكني,8,8560,123.42
2026,1,الرياض,شقراء,الياسمين,دور,سكني,3,18000,75
2026,1,الرياض,حوطه بنى تميم,الصناعية,شقة,سكني,1,18000,120
2026,1,الرياض,الرياض,المروة,مكتب,تجاري,32,0,0
2026,1,الرياض,روضه سدير,المنار,شقة,سكني,8,8600,98.52
2026,1,الرياض,الرياض,الفيصلية/الدرعية,محل,تجاري,89,0,0
2026,1,الرياض,الرياض,الهدا,معرض تجاري,تجاري,4,0,0
2026,1,الرياض,الرياض,العزيزية,معرض تجاري,تجاري,121,0,0
2026,1,الرياض,الرياض,قرطبة,شقة,سكني,3063,48695.53,343.83
2026,1,الرياض,الرياض,بدر,محل,تجاري,655,0,0
2026,1,الرياض,المزاحمية,الحزم,شقة,سكني,5,26520,152.66
2026,1,الرياض,الرياض,الملك فهد,فيلا,سكني,89,91626.64,297.07
2026,1,الرياض,الرياض,عريض,استديو,سكني,2,16200,343.33
2026,1,الرياض,الجلة,مخطط رقم 0941,دور,سكني,2,18000,66.47
2026,1,الرياض,حوطه سدير,الياسمين,فيلا,سكني,2,23250,115
2026,1,الرياض,حوطه سدير,ج11,دور,سكني,1,20000,100
2026,1,الرياض,الخرج,الفيصلية,شقة,سكني,487,15919.48,110.5
2026,1,الرياض,حوطه بنى تميم,خضار,شقة,سكني,2,12000,99.23
2026,1,الرياض,الرياض,الغدير,شقة,سكني,450,50295.98,386.76
2026,1,الرياض,الدوادمي,الخليج,محل,تجاري,1,0,0
2026,1,الرياض,الرياض,التعاون,دوبلاكس,سكني,5,100750,439.99
2026,1,الرياض,الرياض,بدر,دوبلاكس,سكني,21,35372.22,163.07
2026,1,الرياض,الرياض,الندوة,استديو,سكني,112,18238.66,600
2026,1,الرياض,حوطه سدير,العزيزية,دور,سكني,1,15000,75
2026,1,الرياض,الرياض,الوسيطاء,شقة,سكني,108,14786.23,194.48
2026,1,الرياض,الرياض,السفارات,دوبلاكس,سكني,4,143000,606.41
2026,1,الرياض,الدوادمي,الروضة,دوبلاكس,سكني,1,18000,120
2026,1,الرياض,وادي الدواسر,النويعمة,دور,سكني,3,17500,85.41
2026,1,الرياض,الدوادمي - البجادية,مشرفة,شقة,سكني,3,18000,120
2026,1,الرياض,الرياض,الشميسي,محل,تجاري,264,0,0
2026,1,الرياض,شقراء,قرطبة,دور,سكني,16,14923.07,84.08
2026,1,الرياض,الرياض,السعادة,استديو,سكني,81,19742.46,466.14
2026,1,الرياض,شقراء,الشفاء - القارة,فيلا,سكني,1,14000,30.54
2026,1,الرياض,حوطه سدير,الحلة الطالعية,استديو,سكني,1,10000,200
2026,1,الرياض,الرياض,الطريف,دور,سكني,2,47500,263.33
2026,1,الرياض,الرياض,أحد,استديو,سكني,5,12560,137.53
2026,1,الرياض,الرين,الصفاء,محل,تجاري,5,0,0
2026,1,الرياض,وادي الدواسر,المستشفى,محل,تجاري,1,0,0
2026,1,الرياض,عفيف,النخيل,محل,تجاري,4,0,0
2026,1,الرياض,الرياض,الراية,محل,تجاري,2,0,0
2026,1,الرياض,الرياض,الفلاح,شقة,سكني,630,36149.06,368.24
2026,1,الرياض,الدوادمي,طيبة,دور,سكني,59,15471.42,51.53
2026,1,الرياض,الجلة,المانعيه,دور,سكني,1,12000,60
2026,1,الرياض,رماح,النخيل,محل,تجاري,15,0,0
2026,1,الرياض,الجلة,مخطط رقم 0832,محل,تجاري,3,0,0
2026,1,الرياض,الرياض,قريوة,شقة,سكني,4,16000,160.68
2026,1,الرياض,مشرفه نفي,مشرفه نفي,شقة,سكني,4,18000,63
2026,1,الرياض,الزلفي,سمنان,دوبلاكس,سكني,1,15500,103.33
2026,1,الرياض,حريملاء,حي ج10,محل,تجاري,2,0,0
2026,1,الرياض,الرياض,البديعة,دوبلاكس,سكني,1,8500,66.26
2026,1,الرياض,الرياض,ضاحية نمار,شقة,سكني,298,20036.94,153.55
2026,1,الرياض,الخرج,الورود,معرض تجاري,تجاري,28,0,0
2026,1,الرياض,الدوادمي,الملك فهد,شقة,سكني,85,11059.62,79.93
2026,1,الرياض,مرات,الدار البيضاء,دور,سكني,1,15000,150
2026,1,الرياض,القويعية,1077 مخطط رقم,دور,سكني,6,19666.66,103.08
2026,1,الرياض,الرياض,الربوة,شقة,سكني,850,35233.13,306.14
2026,1,الرياض,الأفلاج,العزيزية,محل,تجاري,15,0,0
2026,1,الرياض,الشرميه,الشرميه,شقة,سكني,1,15000,150
2026,1,الرياض,الرياض,المنار,مكتب,تجاري,16,0,0
2026,1,الرياض,الحزم والبطينه,الحزم والبطينه,دور,سكني,1,15000,51.9
2026,1,الرياض,الحصاة,الهده,شقة,سكني,1,12000,120
2026,1,الرياض,المجمعة,القطار,شقة,سكني,1,18000,110.53
2026,1,الرياض,الرياض,المصيف,مكتب,تجاري,66,0,0
2026,1,الرياض,الخرج,النخيل,دور,سكني,2,18500,56.83
2026,1,الرياض,الرياض,الغدير,دور,سكني,16,63909.09,219.31
2026,1,الرياض,جلاجل,شراف,شقة,سكني,8,16785.71,134.29
2026,1,الرياض,الرياض,اليمامة,دور,سكني,130,18183.18,126.93
2026,1,الرياض,شقراء,الروضة,شقة,سكني,113,10102.63,102.18
2026,1,الرياض,الرياض,الفوطة,معرض تجاري,تجاري,72,0,0
2026,1,الرياض,الحيدالقديم والجديد,الحيد,شقة,سكني,3,14666.66,62.22
2026,1,الرياض,الرياض,النور,استديو,سكني,15,15555.55,276.23
2026,1,الرياض,الخرج,اليرموك,استديو,سكني,28,16312.85,368.65
2026,1,الرياض,الرياض,الصحافة,استديو,سكني,51,25298,621.48
2026,1,الرياض,الرياض,المعذر الشمالي,مكتب,تجاري,85,0,0
2026,1,الرياض,وادي الدواسر,العليا,شقة,سكني,4,17700,115
2026,1,الرياض,الرياض,العمل,مكتب,تجاري,79,0,0
2026,1,الرياض,الخرج,نجد,شقة,سكني,5,29280,180.72
2026,1,الرياض,الحريق - الحريق,وسط المدينة,استديو,سكني,1,6000,60
2026,1,الرياض,الدوادمي,الخالدية,استديو,سكني,5,8850,76.43
2026,1,الرياض,الرياض,مطار الملك خالد الدولي,معرض تجاري,تجاري,9,0,0
2026,1,الرياض,أشيقر,مخطط رقم 928,شقة,سكني,1,9000,100
2026,1,الرياض,الدوادمي,طيبة,شقة,سكني,45,12621.81,71.69
2026,1,الرياض,الرياض,ظهرة العودة شرق,دور,سكني,58,35478.72,173.64
2026,1,الرياض,عفيف,غرناطة,شقة,سكني,19,15137.73,87.98
2026,1,الرياض,الخرج,مناطق خاصة,استديو,سكني,2,14100,171.69
2026,1,الرياض,الرياض,المروج,دور,سكني,70,76870.3,478.51
2026,1,الرياض,الدوادمي,العزيزية,فيلا,سكني,7,13750,39.32
2026,1,الرياض,الرياض,الوشام,محل,تجاري,72,0,0
2026,1,الرياض,القويعية,أبو سليم,دور,سكني,24,12752.94,41.91
2026,1,الرياض,المجمعة,الأمير سلطان بن عبدالعزيز,استديو,سكني,39,13164.51,258.83
2026,1,الرياض,الدلم,الإزدهار,دوبلاكس,سكني,1,24000,80
2026,1,الرياض,الرياض,الفاخرية,محل,تجاري,9,0,0
2026,1,الرياض,الزلفي,اليمامة,محل,تجاري,14,0,0
2026,1,الرياض,الدوادمي,حطين,استديو,سكني,2,5750,201.42
2026,1,الرياض,وادي الدواسر,صناعية الحديدية,شقة,سكني,1,18000,90
2026,1,الرياض,الرياض,سلام,معرض تجاري,تجاري,1,0,0
2026,1,الرياض,الرياض,مطار الملك خالد الدولي,استديو,سكني,11,22500,720
2026,1,الرياض,الدوادمي,حطين,مكتب,تجاري,1,0,0
2026,1,الرياض,الرياض,قرطبة,محل,تجاري,203,0,0
2026,1,الرياض,الدوادمي - البجادية,العلوات,شقة,سكني,1,17500,116.66
2026,1,الرياض,الرياض,الياسمين,فيلا,سكني,124,122228.86,375.77
2026,1,الرياض,المجمعة,الملك عبدالله,محل,تجاري,27,0,0
2026,1,الرياض,وادي الدواسر,الورود,دور,سكني,6,29933.33,112.3
2026,1,الرياض,وادي الدواسر,المعتلا,محل,تجاري,9,0,0
2026,1,الرياض,الرياض,الخليج,مكتب,تجاري,95,0,0
2026,1,الرياض,روضه سدير,التعاون,شقة,سكني,1,16000,106.66
2026,1,الرياض,ملهم,ملهم,محل,تجاري,42,0,0
2026,1,الرياض,الزلفي,الملك سلمان,دور,سكني,9,13077.77,66.17
2026,1,الرياض,الرياض,الخير,مكتب,تجاري,2,0,0
2026,1,الرياض,الرياض,الفلاح,فيلا,سكني,22,169213.33,283.92
2026,1,الرياض,العفج,العفج,محل,تجاري,1,0,0
2026,1,الرياض,الرياض,البيان,محل,تجاري,128,0,0
2026,1,الرياض,الرياض,الهدا,دور,سكني,5,182500,842.29
2026,1,الرياض,الرياض,السويدي,معرض تجاري,تجاري,19,0,0
2026,1,الرياض,ساجر,الأندلس,معرض تجاري,تجاري,1,0,0
2026,1,الرياض,الرياض,العزيزية,محل,تجاري,962,0,0
2026,1,الرياض,الخرج,طويق,دور,سكني,109,16355.77,68.88
2026,1,الرياض,الرياض,اليرموك,دوبلاكس,سكني,2,42250,252.92
2026,1,الرياض,الرياض,النور,فيلا,سكني,4,72125,199.39
2026,1,الرياض,الجبيلة,نجد,شقة,سكني,55,21015.88,157.43
2026,1,الرياض,الرياض,المعذر الشمالي,محل,تجاري,180,0,0
2026,1,الرياض,المجمعة - تمير,الياسمين,شقة,سكني,30,16375,126.74
2026,1,الرياض,الرياض,المدينة الصناعية الجديدة,معرض تجاري,تجاري,15,0,0
2026,1,الرياض,حوطه بنى تميم,التضامن,دور,سكني,1,15000,65.26
2026,1,الرياض,عروى,مخطط 886,شقة,سكني,1,10000,83.33
2026,1,الرياض,مرات,حي المنطقة المركزية - حي مانح,شقة,سكني,4,8500,121.42
2026,1,الرياض,الرياض,الجرادية,استديو,سكني,28,9936.84,361.12
2026,1,الرياض,رماح,النزهة,فيلا,سكني,1,35000,56
2026,1,الرياض,الدوادمي - البجادية,الأمير سلطان,شقة,سكني,3,9333.33,73.33
2026,1,الرياض,الرياض,البشائر,فيلا,سكني,1,60000,250
2026,1,الرياض,قريه ديراب,قريه ديراب,شقة,سكني,1,12000,100
2026,1,الرياض,حوطه بنى تميم,الروابي,شقة,سكني,10,13055.55,87.09
2026,1,الرياض,الرياض,إشبيلية,دوبلاكس,سكني,7,61833.33,252.79
2026,1,الرياض,ضرما,العزيزية,محل,تجاري,11,0,0
2026,1,الرياض,الرياض,منفوحة,مكتب,تجاري,27,0,0
2026,1,الرياض,الزلفي,سمنان,محل,تجاري,7,0,0
2026,1,الرياض,وادي الدواسر,الخماسين الجنوبي,دور,سكني,17,15442.36,93.13
2026,1,الرياض,المجمعة,اليرموك,استديو,سكني,19,15850,576.25
2026,1,الرياض,الرياض,العمل,دور,سكني,11,20125,128.15
2026,1,الرياض,الرياض,غبيرا,دوبلاكس,سكني,1,36000,202.24
2026,1,الرياض,الرياض,العليا,مكتب,تجاري,1304,0,0
2026,1,الرياض,حوطه سدير,المروج,استديو,سكني,3,7166.66,290.55
2026,1,الرياض,الرياض,النهضة,دور,سكني,256,39937.66,185.32
2026,1,الرياض,الزلفي,عريعرة,استديو,سكني,1,11400,190
2026,1,الرياض,الزلفي,اليمامة,فيلا,سكني,1,20000,40
2026,1,الرياض,الخروعيه,الخروعيه,شقة,سكني,1,18000,90
2026,1,الرياض,الرياض,وادي لبن - طويق,استديو,سكني,4,32400,281.73
2026,1,الرياض,الدلم,الإزدهار,شقة,سكني,83,12958.82,88.47
2026,1,الرياض,الزلفي,القدس,دور,سكني,12,10430,54.28
2026,1,الرياض,الهدار,الفحيل,شقة,سكني,6,16950,118
2026,1,الرياض,مزارع الثندوه,مزارع الثندوه,شقة,سكني,1,18000,100
2026,1,الرياض,الرياض,الشميسي,شقة,سكني,1120,15183.11,183.73
2026,1,الرياض,الرياض,عتيقة,فيلا,سكني,21,29847.05,97.66
2026,1,الرياض,الرياض,النموذجية,محل,تجاري,25,0,0
2026,1,الرياض,الغاط,البستان,استديو,سكني,7,9933.33,423.71
2026,1,الرياض,المزاحمية,الزبائر,دور,سكني,1,20000,100
2026,1,الرياض,شقراء,الرحبة,استديو,سكني,2,12800,347.85
2026,1,الرياض,ثادق,مخطط رقم 133 ,شقة,سكني,7,10525,77.96
2026,1,الرياض,الرياض,المنصورة,مكتب,تجاري,42,0,0
2026,1,الرياض,الرياض,الوادي,محل,تجاري,117,0,0
2026,1,الرياض,الزلفي,الربوة,استديو,سكني,11,9300,171.56
2026,1,الرياض,الخرج,الثليماء,دور,سكني,1,24000,96
2026,1,الرياض,الخرج,الرفايع,دور,سكني,2,15000,60
2026,1,الرياض,الحوميات,الحوميات,شقة,سكني,3,18000,60
2026,1,الرياض,القويعية,الخليج,محل,تجاري,6,0,0
2026,1,الرياض,شقراء,وادى المسمي,شقة,سكني,1,12000,80
2026,1,الرياض,الغاط,الورود,دور,سكني,1,14400,36
2026,1,الرياض,شقراء,النزهة,استديو,سكني,3,10433.33,230
2026,1,الرياض,حوطه بنى تميم,المنار,شقة,سكني,31,11576.92,83.61
2026,1,الرياض,الرياض,حطين,مكتب,تجاري,140,0,0
2026,1,الرياض,الرياض,الصفاء,فيلا,سكني,24,87550,322.83
2026,1,الرياض,الرياض,الرمال,معرض تجاري,تجاري,63,0,0
2026,1,الرياض,الرين,القادسية,فيلا,سكني,2,7200,11.52
2026,1,الرياض,الرياض,الخليج,محل,تجاري,521,0,0
2026,1,الرياض,الأرطاوية,الفيصلية,شقة,سكني,2,15000,115.38
2026,1,الرياض,الرياض,أم سليم,معرض تجاري,تجاري,2,0,0
2026,1,الرياض,القصب,الخالدية,دور,سكني,1,12000,34.28
2026,1,الرياض,الجلة,الجله القديم,شقة,سكني,5,15750,140.83
2026,1,الرياض,حريملاء,النخيل,فيلا,سكني,2,13000,56.52
2026,1,الرياض,الرياض,الفيصلية,شقة,سكني,185,19207.7,172.84
2026,1,الرياض,الرياض,البشائر,شقة,سكني,5,25440,203.6
2026,1,الرياض,الرياض,حي_001022142,شقة,سكني,96,32051.92,261.24
2026,1,الرياض,الجمش,الجمش,دور,سكني,4,12133.33,54.12
2026,1,الرياض,الرين,الرفايع,شقة,سكني,1,11000,74.25
2026,1,الرياض,الرياض,شبرا,دوبلاكس,سكني,1,19400,121.25
2026,1,الرياض,حوطه بنى تميم,الصدر,شقة,سكني,2,18000,88.06
2026,1,الرياض,عرجاء,عرجاء,محل,تجاري,4,0,0
2026,1,الرياض,الرياض,المنار,دور,سكني,92,44937.32,220.72
2026,1,الرياض,الرياض,الجزيرة,معرض تجاري,تجاري,64,0,0
2026,1,الرياض,الرياض,المحمدية,مكتب,تجاري,141,0,0
2026,1,الرياض,ملهم,ملهم,معرض تجاري,تجاري,1,0,0
2026,1,الرياض,الرياض,السليمانية,دور,سكني,179,65789.14,370.48
2026,1,الرياض,الرياض,المؤتمرات,مكتب,تجاري,7,0,0
2026,1,الرياض,الرياض,العوالي,محل,تجاري,236,0,0
2026,1,الرياض,الرياض,الصفاء,معرض تجاري,تجاري,13,0,0
2026,1,الرياض,المزاحمية,الجامعة,فيلا,سكني,4,47666.66,177.22
2026,1,الرياض,حريملاء,حي ج3,شقة,سكني,1,15600,104
2026,1,الرياض,الرياض,الفاروق,استديو,سكني,1,8500,170
2026,1,الرياض,شقراء,الروضة,معرض تجاري,تجاري,1,0,0
2026,1,الرياض,الرين,النقيعه,شقة,سكني,1,18000,180
2026,1,الرياض,عفيف,النهضة,شقة,سكني,20,14635.29,102.3
2026,1,الرياض,الأرطاوية,المصيف,محل,تجاري,10,0,0
2026,1,الرياض,الرياض,جبرة,محل,تجاري,16,0,0
2026,1,الرياض,الزلفي,الصديق,شقة,سكني,116,10906.36,89.79
2026,1,الرياض,الخرج,نجد,دور,سكني,1,14400,39.18
2026,1,الرياض,القويعية,الربوة,دوبلاكس,سكني,1,13000,62.65
2026,1,الرياض,المزاحمية,المروج,شقة,سكني,45,18216,122.9
2026,1,الرياض,الرياض,المصيف,دوبلاكس,سكني,8,104166.66,520.91
2026,1,الرياض,الجمش,مخطط رقم 62,شقة,سكني,1,18000,120
2026,1,الرياض,الرياض,التعاون,شقة,سكني,914,42802.69,374.04
2026,1,الرياض,الرياض,الهدا,شقة,سكني,74,70000,706.39
2026,1,الرياض,هجرة الزهوه والبيان,الرياض,دور,سكني,3,35866.66,164.51
2026,1,الرياض,حوطة بني تميم - الفرشه,الفرشه,شقة,سكني,1,14400,110.76
2026,1,الرياض,الرياض,المدينة الصناعية الجديدة,محل,تجاري,63,0,0
2026,1,الرياض,ثادق,الملك عبدالله,دور,سكني,1,8000,26.66
2026,1,الرياض,العريمى,العريمى,محل,تجاري,2,0,0
2026,1,الرياض,ابوهريم,ابوهريم,شقة,سكني,1,8000,42.1
2026,1,الرياض,الدلم,السليمانية,شقة,سكني,23,13872.5,103.65
2026,1,الرياض,اللنسيات,اللنسيات,شقة,سكني,2,18000,75
2026,1,الرياض,الزلفي,الخالدية,معرض تجاري,تجاري,5,0,0
2026,1,الرياض,الخرج,اليمامة,استديو,سكني,3,18400,314
2026,1,الرياض,الرياض,منفوحة الجديدة,استديو,سكني,65,9691.4,338.67
2026,1,الرياض,الرياض,عتيقة,معرض تجاري,تجاري,77,0,0
2026,1,الرياض,الرياض,الفوطة,فيلا,سكني,12,47400,242.2
2026,1,الرياض,بدائع الدلابحة,مخطط رقم 232,فيلا,سكني,2,13500,68.5
2026,1,الرياض,الجبيلة,الواحة,مكتب,تجاري,1,0,0
2026,1,الرياض,الخرج,النخيل,شقة,سكني,6,16600,71.14
2026,1,الرياض,المجمعة - مشرفه,مشرفه,شقة,سكني,3,16666.66,95.55
2026,1,الرياض,المزاحمية,الهدا,استديو,سكني,37,15860,581
2026,1,الرياض,مباري,مباري,شقة,سكني,1,16010,160.1
2026,1,الرياض,الرياض,الروابي,استديو,سكني,43,21640,421.34
2026,1,الرياض,المزاحمية,نوارة,استديو,سكني,9,13200,366
2026,1,الرياض,الرياض,طيبة,معرض تجاري,تجاري,6,0,0
2026,1,الرياض,الرياض,الصناعية,دور,سكني,10,64444.44,316.87
2026,1,الرياض,الرياض,الملك سلمان,شقة,سكني,406,48684.13,396.31
2026,1,الرياض,المزاحمية,الحزيمية,شقة,سكني,13,15800,168.75
